:020000040800F2
:1000000078730124AD020008F9A10008C98B00082B
:10001000F1A100087911000881E500080000000046
:1000200000000000000000000000000031AC0008EB
:10003000B11A00080000000071A2000859AF0008C2
:10004000C7020008C7020008C7020008C70200086C
:10005000C7020008C7020008C7020008C70200085C
:10006000C7020008F11C0008C702000809160008B2
:100070001916000829160008391600084916000844
:100080005916000869160008C7020008C7020008D0
:10009000C7020008C7020008C7020008C70200081C
:1000A000C7020008C7020008C7020008C70200080C
:1000B000C7020008C7020008C7020008C7020008FC
:1000C000C7020008C7020008C7020008C7020008EC
:1000D000C702000889C4000899C40008A9C4000820
:1000E000C7020008C702000800000000C70200089D
:1000F000C7020008C7020008C702000879160008F6
:10010000C7020008C7020008C7020008C7020008AB
:1001100079B20008C7020008C7020008C702000839
:1001200089160008C7020008C7020008C7020008B5
:10013000C7020008C7020008C7020008C70200087B
:1001400000000000000000000000000000000000AF
:10015000C7020008C7020008C7020008B9C40008A7
:10016000C7020008C7020008C7020008C70200084B
:10017000C7020008C7020008C7020008C70200083B
:10018000C7020008C7020008C702000889B20008B9
:10019000D1AA0008C7020008C7020008C702000869
:1001A000C7020008C7020008C7020008C70200080B
:1001B000C7020008C7020008C7020008C7020008FB
:1001C000C7020008C7020008C7020008C7020008EB
:1001D000C702000851A20008C7020008C7020008B1
:1001E000C7020008C7020008C7020008C7020008CB
:1001F000C7020008C7020008C7020008C7020008BB
:10020000C7020008C7020008C7020008C7020008AA
:10021000C702000819B1000829B10008C702000888
:10022000C7020008C7020008C7020008000000005B
:10023000C7020008C702000800000000C70200084B
:10024000C7020008C7020008C7020008C70200086A
:10025000C7020008C7020008C7020008C70200085A
:10026000C7020008C7020008C7020008C70200084A
:10027000C7020008C7020008C19300080000000080
:10028000C7020008C7020008C702000800000000FB
:1002900000000000C7020008DFF80CD000F08AFC64
:1002A00000480047B1EF00087873012406488047F2
:1002B00006480047FEE7FEE7FEE7FEE7FEE7FEE74B
:1002C000FEE7FEE7FEE7FEE749B0000899020008F6
:1002D0002DE9F05F0546002092469B46884606467B
:1002E000814640241BE0284641464746224600F00E
:1002F00071FA53465A46C01A914110D31146184616
:10030000224600F058FA2D1A67EB01084F462246A4
:100310000120002100F04FFA17EB00094E41201E8A
:10032000A4F10104DFDC484631462A464346BDE8D5
:10033000F09F000000487047BC4C010810B504460F
:10034000FFF7F8FF0068005D00F0010010BD40EA13
:1003500001039B0703D009E008C9121F08C0042A43
:10036000FAD203E011F8013B00F8013B521EF9D22A
:100370007047D2B201E000F8012B491EFBD2704752
:100380000022F6E710B513460A4604461946FFF761
:10039000F0FF204610BD421C10F8011B0029FBD1C4
:1003A000801A704710B5002200E0521C835C8C5C00
:1003B000A34201D1002BF8D1D8B2E1B2401A10BD4E
:1003C0000022CBB20178994200D10246401C00299C
:1003D000F8D11046704700000FB400B58DB010A9D9
:1003E00009900B9000914FF0FF300A9000200C9084
:1003F00005480690054807906A4609A80F9900F03D
:10040000FFF90DB05DF814FB1D0800083B0800085B
:100410002DE9FF4F087883B09946FF2805D0491C85
:100420002D2804D00024002008E000200BE0012447
:10043000F9E700EB800003EB4000491C0B78FF2B31
:10044000F7D104B1404200230293147819461D46A7
:100450002D2C01D02B2C04D1521C2D2C13D0002478
:100460000294AA461478FF2C0FD00A25A3FB057826
:1004700001FB05814FF0000C03FB0C11521CE3192A
:100480004AEB0101EEE70124EAE7814453EA010067
:1004900002D019F5C87F06DA03980021C0E90011DF
:1004A00007B0BDE8F08F0025AE4E2F46DFF8B882CA
:1004B000184600F057FBCDE90001B9F1000002DA5F
:1004C000C9F1000400E004460023A74A1AEB030B1D
:1004D00042EB045A12E0E00707D02A46334638467A
:1004E000414600F047FA074688462A4633461046FA
:1004F000194600F03FFA05460E466410002CEAD17A
:10050000DDE90001B9F1000F5A46534606DA00F062
:10051000A3FA3A46434600F09FFA05E000F02AFAB3
:100520003A46434600F026FA029A0AB181F00041A9
:10053000039AC2E90001B3E72DE9FF4F1F468DB0D2
:10054000D7E901464FF0FF382E2045464FF000090D
:100550000B90B9696D1C0E988847396A82468847A6
:100560000028F6D1BAF1FF3F0AD024F4D064002E5F
:1005700011DDBAF12B0F08D0BAF12D0F0BD102E02B
:10058000404611B08DE744F48064B9696D1C0E9843
:1005900088478246761E6946600501D52D2000E019
:1005A0002B208DF8000001F1010B0DF1200809E06E
:1005B000B9696D1C0E98884782460F9844F4007400
:1005C000761E0560002E02DDBAF1300FF0D00B99D7
:1005D0008A453ED144F0800406E00F99681CA9F1D9
:1005E000010944F400740860B9696D1C761E0E9808
:1005F000884782463028F0D02BE00B998A4505D1F8
:10060000200603D444F08004761E18E0504614F00F
:100610005FF908B30DF11302761EAAF1300044F41D
:100620000074934506D20BF8010B200607D5A9F1FB
:10063000010003E0200602D409F101008146A00573
:1006400002D50F99681C0860B9696D1C0E9888471F
:100650008246002ED1DC53E0002E51DDBAF1650F49
:1006600002D0BAF1450F4BD1A00549D5B9696D1C2F
:1006700024F44074761E0E9888478246002E0CDDC6
:100680002B2804D0BAF12D0F07D144F48074B96936
:100690006D1C0E9888478246761EE00501D52D21F7
:1006A00000E02B2108F8011BCDF82C8021E00DF192
:1006B0002901761E44F4007488450CD2AAF130005A
:1006C00010F0FF0088F8000002D10B99884509D985
:1006D00008F1010806E0E00501D5244801E042F2F6
:1006E0000F708146B9696D1C0E98884782460F9835
:1006F0000560002E04DD504614F0EAF80028D6D13B
:10070000F9690E988847FF208BF8000088F80000F0
:100710000020069007904B466A4608A906A8FFF7F6
:1007200077FEA00502D46FF001002AE714F0240F31
:100730000AD0E00714D1DDE906123868031D3B60DA
:100740000068C0E900120BE0DDE9060100F016FACE
:100750000146E00704D13868021D3A600068016074
:1007600028460EE7000014400000F03FF1D8FFFFDC
:1007700070B5064612F066FC046805460A220021A0
:10078000304600F0BFF82C6070BD30B50B46014616
:1007900000202022012409E021FA02F59D4205D320
:1007A00003FA02F5491B04FA02F52844151EA2F1CA
:1007B0000102F1DC30BD202A04DB203A00FA02F10C
:1007C000002070479140C2F1200320FA03F319433F
:1007D00090407047202A04DB203A21FA02F00021E1
:1007E000704721FA02F3D040C2F120029140084341
:1007F0001946704702681144137801601846704723
:10080000D16004495161044911620021116111460E
:1008100000F0E2B9F50700083D030008426842B164
:10082000016811F8013B23B1521EC0E900121846BD
:1008300070470121C160881E704742685AB1C36881
:10084000016843B983688B4205D0491E521CC0E938
:100850000012002070474FF0FF3070470FB40B00BC
:1008600010B58AB00FA900910E994FF00004234AE9
:10087000CC60214CCDE9064200D004236FF0004249
:10088000CDE901321E4A089202466B460020FFF76E
:1008900053FE0AB010BC5DF814FBF0B585B00746F6
:1008A0004FF0FF300091CDE901011E4600201546B2
:1008B0000C4604903B466A46314604A8FFF7CEFF3B
:1008C00004990346601825B109B1024600E02246AA
:1008D0002A6000290ED0002B02DD0099814209D048
:1008E0000094001BCDE901043B466A46314604A84A
:1008F000FFF7B4FF05B0F0BD1D0800083B08000875
:100900003D0300082DE9F04791460F468046044616
:10091000002614F8015B2DB1FFF70CFD0068405D67
:10092000C007F6D12B2D02D02D2D18D0641E4A46BB
:100930003946204600F0E6FA27B13968A14201D1D4
:10094000C7F8008071054FF002040BD54042002823
:1009500003DD12F077FB0460A007BDE8F08746F4E2
:100960008066E4E70028F8DA12F06CFB04606FF0B0
:100970000040F2E72DE9FE4F81EA030404F0004451
:1009800021F0004100944FF0000B23F0004350EAA7
:1009900001045ED052EA03045BD0C3F30A54C1F3EE
:1009A0000A552C44A4F2F3340194A0FB0254C1F381
:1009B000130141F48011C3F3130343F4801301FBCB
:1009C000024400FB034E840A970A44EA815447EA32
:1009D0008357A4FB076802958D0A05FB07854FEA3C
:1009E000932C04FB0C542705029D4FEA065847EA56
:1009F0001637B5EB08056EEB070C870E920E47EA2B
:100A0000811742EA8312A7FB0201B6EB0B0164EBEC
:100A100000042B0D43EA0C335E1844EB1C50DA46FD
:100A20005146E7FB0201C5F313044FEA0B3343EAD7
:100A300014534FEA0432019C43EA0603A4F10C0468
:100A40000294009CCDE900B400F0F1FA03B0BDE8D7
:100A5000F08F00200146F9E72DE9F04D81EA03040B
:100A600004F0004B21F0004514464FF0000A23F03B
:100A7000004150EA050220D054EA01021DD0C5F31E
:100A80000A570246C5F31303C1F31300C1F30A5614
:100A900040F4801543F48013A7EB0608101BD646DC
:100AA00008F2FD3873EB050002D308F1010801E0FC
:100AB00092185B41B8F1000F03DA00200146BDE84F
:100AC000F08D00204FF48011064684460EE0171B7F
:100AD00073EB050705D3121B63EB050306434CEAD2
:100AE000010C49084FEA300092185B4150EA0107B7
:100AF000EDD152EA030012D082EA040083EA050134
:100B0000084305D0101BAB4106D20122002306E0AA
:100B100000224FF0004302E06FF0010253101AEB85
:100B200006004CEB085110EB0A0041EB0B01BDE84D
:100B3000F04D00F06DBA70B521F0004303430CD0C6
:100B4000C1F30A550024D5EB040564EB0403D61762
:100B5000AD1AB34102DB0020014670BD201841EB05
:100B6000025170BD0EB540F2334202920022CDE92F
:100B70000022134600F05BFA03B000BD01F0004311
:100B800030B421F0004150EA010206D00A0DA2F56E
:100B90006072C1F31301002A02DC30BC00207047F0
:100BA000440F44EAC104C100E01830BC00EBC2505D
:100BB00000F0F7B9064C074D06E0E06840F001038D
:100BC00094E8070098471034AC42F6D3FFF768FB6F
:100BD00004560108245601082DE9F34F8BB04FF05D
:100BE000000801F10C000C464FF0010B46460DF1D8
:100BF000080A01906269012101989047051E2DD0D5
:100C0000252D2CD0216A8847C0B162690121019845
:100C10009047216A88470028F7D1411E62690198F0
:100C2000904700E0761CA1690B988847216A8847A5
:100C30000028F7D1E1690B988847DBE7A1690B9899
:100C400088470746A84201D1761CD3E7E1690B9893
:100C500088477F1C02D1B8F1000F6FD046E1002712
:100C600062693D463946019890472A2804D1626955
:100C70000121019890470125DFF8849262690121E2
:100C800001989047A0F130010A290AD24F45E5DCCE
:100C900007EB870100EB4107303FDFD445F010053B
:100CA000ECE7E90601D46FF000476C280AD04C2825
:100CB00014D0682815D06A280DD074281CD07A2842
:100CC0001AD01DE062690121019890476C2802D07A
:100CD00045F0040514E045F002050DE045F020055F
:100CE0000AE06269012101989047682802D045F026
:100CF000080505E045F40065626901210198904707
:100D0000C4E9015765283DD019DC58287AD00CDC9D
:100D1000452837D004DC252826D0412831D131E0C0
:100D200046282FD047282CD12CE05B2877D061288B
:100D300028D063287CD0642823D15AE0D0E06F28E3
:100D400048D008DC66281DD067281BD0692821D030
:100D50006E2816D127E0702845D0732868D07528F2
:100D600047D078280DD14DE0A1690B9888470546FA
:100D700025283FF469AFE1690B9888476D1C3FF463
:100D80006AAFB3E023466A466FF001000B99FFF7A4
:100D9000D3FB9EE045F040006060A80723464FF07B
:100DA000000236D43EE0E8077FF447AF2068011D1B
:100DB00021600068290501D506701BE7290701D5C8
:100DC000068017E7A90703D5F117C0E9006111E70D
:100DD00006600FE745F040006060A80723464FF02B
:100DE000080216D41EE040F60E0125EA01006060FC
:100DF00016E045F040006060A80723464FF00A0265
:100E000007D40FE045F040006060A80708D52346EE
:100E100010226FF001000B99AFF3008059E007E05A
:100E2000234610226FF001000B99AFF3008050E0D1
:100E30004FF000094F464B46632802D05B2806D08E
:100E400040E0E80601D40120A06001273AE0626991
:100E50000121019890475E2805D14FF00109626990
:100E6000494601989047216939B900210A465346FD
:100E700043F82120491C0829FADBB0B3216969B97C
:100E8000C11700EBD16253110AEB830122F01F025C
:100E9000821A01200B68904003430B6062690121B4
:100EA000019890475D28E8D1B9F1000F09D00020E2
:100EB000514651F82020D24341F82020401C0828F8
:100EC000F7DB02AB224600976FF001000B99AFF3FE
:100ED000008000280CDA401C08D1BBF1000F05D0BF
:100EE0004FF0FF300DB0BDE8F08FFFE74046F9E767
:100EF000E90701D108F1010806444FF0000B79E63B
:100F0000CCCCCC0C2DE9F05F82460078002715464A
:100F10008B460AF10104B946302801D09DB113E097
:100F200014F8010B0127782803D0582801D045B1C7
:100F30000AE00DB1102D07D10027102514F8010B80
:100F400002E0082500E00A250026B0460EE005FB79
:100F5000080005FB06F1012701EB10461FFA80F897
:100F6000B6F5803F00D3B94614F8010B294600F0CE
:100F7000ACF80028EBDABBF1000F05D00FB1641E0E
:100F800000E05446CBF80040B9F1000F06D012F053
:100F900059F802210160C81EBDE8F09F48EA0640EA
:100FA000FAE70029A8BF7047401C490008BF20F09D
:100FB0000100704710B4B0FA80FC00FA0CF050EA5F
:100FC000010404BF10BC704749B1CCF1200421FAE0
:100FD00004F411FA0CF118BF012121430843A3EBDB
:100FE0000C01CB1D4FEA00614FEA102042BF0020E8
:100FF00010BC704700EBC35010440029A4BF10BCC4
:101000007047401C490008BF20F0010010BC704729
:1010100010B5141E73F1000408DA401C41F1000100
:1010200092185B411A4301D120F0010010BD2DE957
:10103000F04D92469B4611B1B1FA81F202E0B0FA4E
:1010400080F220329046FFF7B6FB04460F4640EA96
:101050000A0041EA0B0153465A46084313D0114691
:1010600053EA010019D0C8F140025046FFF7B2FB25
:1010700005460E46504659464246FFF79CFB08433C
:1010800005D0012004E020463946BDE8F08D00205F
:10109000054346EAE0762C4337430A986305E40AA1
:1010A000A0EB08000022FD0A44EA47540A3002D5AA
:1010B00000200146E9E7010510196941DDE908450D
:1010C00000196941BDE8F04DA2E73A2800D2303856
:1010D00020F02002412A01D3A2F13700884201D337
:1010E0004FF0FF30704730B58C1810F8012B12F01C
:1010F0000F0301D110F8013B120906D110F8012BA2
:1011000003E010F8015B01F8015B5B1EF9D101E01F
:1011100001F8013B521EFBD1A142E6D3002030BDB5
:1011200080B583B00022EC4600EB020E8B189EEDDA
:10113000000A93ED001A0CEB0203043230EE010AB0
:101140000C2A83ED000AEFD1BDEC030A80BD00003C
:10115000031F043A04390F2091ED010A92ED011AA0
:1011600030EE010A03F1040C04310432013883ED3E
:10117000010A6346F0D17047FEE70000000000005E
:1011800000207047000000000020704700000000B1
:1011900010B544F6E41443F67871C2F20044C2F28A
:1011A0000041002220460BF067FB43F27871204695
:1011B000C2F200410BF050FB002010BD0000000007
:1011C0002DE9F04182B044F6E4160546C2F200462D
:1011D0000C46304629460BF03FFB30460BF018FB1F
:1011E0002068A8B146F298180027C2F201480DF114
:1011F000070600BFE85D00228DF80700D8F8000060
:10120000002331460EF0F4FA013720688742F1D30B
:10121000002002B0BDE8F08100207047000000000F
:1012200010B544F6E412C2F20042D2F8BC22D2F861
:101230001422002A1CBF012010BD44F6E4140A4603
:10124000C2F20044014620460BF016FB2046BDE8E2
:1012500010400BF0B1BB000070B52DED028B82B0D9
:1012600090ED021A9FED2C2A90ED010A31EE021A40
:101270009FED2D3A90ED004A20EE030A45F2E8700A
:1012800024EE033A9FED254A21EE041A9FED244AED
:1012900080EE020AC2F2004083EE022A9FED233A5A
:1012A00081EE041A9FED1F4A30EE030A006832EE09
:1012B000032A40F6B83131EE041ABDEEC08ABDEE05
:1012C000C20ABDEEC11A80ED0F1A18EE100A10EE18
:1012D000104A0E1A0D1B10F037FB019646F24426F9
:1012E000C2F2004645F25A51C0F60101304622468C
:1012F0002B468DED008A11F079FE11F091FD45F637
:101300005C103222C2F20040314602B0BDEC028BCA
:10131000BDE8704007F0A0BB00007F4300004844D8
:101320000000FF43008089440000164400009644FA
:101330002DE9F04FADF6141D41F290340DF24C78CA
:10134000C2F2004454F83C1FCDF8F0186168CDF8A3
:10135000F418A168CDF8F818E168CDF8FC182169F7
:10136000CDF800196169CDF80419A169CDF8081903
:10137000E169CDF80C19216ACDF810190168CDF892
:10138000E4184168CDF8E8188068CDF8EC080DF550
:101390000F600DF6E4010DF02BFF08F5CC7041F263
:1013A000A445C2F2004594ED112A80EC030A41F6EF
:1013B000942094ED123A05EB000B41F6081032EE42
:1013C000400A94ED132A05EB00090DF27C7733EE09
:1013D000603A384632EE411A49468BED000A8BEDF1
:1013E000013A8BED021A0FF0ABFD0DF5036A05F122
:1013F000780150463A4601910EF006F80DF5EB677C
:101400004946384652460EF0A7F841F6BC10394618
:101410002A18E3A80DF018FAE398CDF85807E498D5
:10142000CDF85C07E598CDF86007E698CDF864073D
:10143000E798CDF86807E898CDF86C07E998CDF8FB
:101440007007EA98CDF87407EB98CDF87807E3A811
:1014500039460DF011FEE3AEE398CDF85807E49855
:10146000CDF85C07E598CDF86007E698CDF86407FD
:10147000E798CDF86807E898CDF86C07E998CDF8BB
:101480007007EA98CDF87407EB98CDF878073046E6
:1014900051463A460EF028F805F5CF57B4223846A3
:1014A0003146FEF754FF484629460DF019FF0DF26C
:1014B0004C7A5846514688EC030A09F035FD0DF583
:1014C000E26639463046524688EC030A0DF0E0FEEB
:1014D000E3A831462A46FFF73BFEE3AEE3982860D7
:1014E000E4986860E598A860E698E860E798286165
:1014F000E8986861E998A861EA98E861EB98286241
:10150000EC986862ED98A862EE98E862EF9828631C
:10151000F0986863F198A863304639464A460DF062
:10152000ABFF42F6487102AFC2F200413846324684
:1015300009F0D6FC4FF4617230463946FEF707FFDA
:1015400002AF3146019E384632460DF025FF4FF47A
:10155000617230463946FEF7FAFE95ED063AD4ED53
:10156000140A95ED030A94ED116A30EEC33A95ED35
:10157000041A95ED074A94ED127A84ED143A94ED2D
:10158000153A36EE400A95ED052A95ED085AD4ED48
:10159000131A33EE443A94ED164A84ED110A37EEED
:1015A000410A286802906868039004F1240084EDE1
:1015B000153A34EE453A84ED120A31EEC20A84ED52
:1015C000163A84ED130A012190EC080BA8680490E8
:1015D00002A809F029F804F1240080EC080B08F0B7
:1015E000C3FFA4F10C01204604ED030A44ED020AF6
:1015F00004ED011A00F088FB24212846FEF7C0FE06
:101600000DF6141DBDE8F08F44F63850C2F20040CC
:1016100001F0B2B80000000044F6B050C2F2004041
:1016200001F0AAB80000000044F62860C2F20040B1
:1016300001F0A2B80000000044F6C040C2F2004031
:1016400001F09AB80000000045F20800C2F2004024
:1016500001F092B80000000044F6A060C2F2004021
:1016600001F08AB80000000044F61870C2F2004091
:1016700001F082B80000000045F28000C2F2004094
:1016800001F07AB80000000044F69070C2F2004009
:1016900001F072B80000000040F20F42D0F800C024
:1016A000C4F20202944510DC6F22C4F20202944597
:1016B00020DC3F22C4F20202944536DC1022C4F240
:1016C0000202944554D028224EE040F26F42C4F208
:1016D000020294451ADC40F23F42C4F202029445F1
:1016E0002ADC40F21042C4F20202944540D040F29B
:1016F000284239E09F22C4F20202944525DC702280
:10170000C4F20202944533D088222DE040F29F4279
:10171000C4F2020294451FDC40F27042C4F202029D
:10172000944525D040F288421EE04022C4F20202D5
:1017300094451DD0582217E040F24042C4F2020204
:10174000944515D040F258420EE0A022C4F20202A5
:1017500094450DD0B82207E040F2B842C4F202022C
:10176000944505D040F2A042C4F20202944517D13C
:101770000CF0F8024AF6AB23103ACAF6AA23A2FBF1
:10178000033109A35F2AC1F302115B5C40F2FF3110
:101790002CEA0101C36588BF0431816508467047A2
:1017A0002CF0FF01F9E700BF000610160006101626
:1017B00070B540F26F44D0F800C0C4F20204D0F813
:1017C00058E0A44519DC9F25C4F20205AC4531DC84
:1017D0005725C4F20205AC4556DC1025C4F20205BB
:1017E000AC4500F092802825C4F20205AC4500F01B
:1017F0008C804025C4F2020584E045F22F45C5F6F1
:101800000205AC452BDC40F2B745C4F20205AC45FD
:1018100048DC40F27045C4F20205AC4575D040F298
:101820008845C4F20205AC456FD040F2A045C4F231
:10183000020567E040F22745C4F20205AC4540DCF2
:10184000A025C4F20205AC455FD0B825C4F202055C
:10185000AC455AD040F21045C4F2020552E045F2C0
:101860006B45C5F60205AC453CDC45F23045C5F696
:101870000205AC4549D045F24445C5F60205AC45E4
:1018800043D045F258453BE05825C4F20205AC452B
:101890003BD07025C4F20205AC4536D08825C4F291
:1018A00002052FE040F2B845C4F20205AC452CD049
:1018B00045F20845C5F60205AC4526D045F21C4563
:1018C0001EE040F22845C4F20205AC451DD040F2AE
:1018D0004045C4F20205AC4517D040F25845C4F269
:1018E00002050FE045F26C45C5F60205AC450CD08B
:1018F00045F29445C5F60205AC4506D045F2804553
:10190000C5F60205AC4540F0D180456EC66E002E8E
:10191000866E6E601CBFD0E91C566E60A44515DC57
:101920009F24C4F20204A4452BDC5724C4F2020411
:10193000A4454EDC1024C4F20204A44576D0282429
:10194000C4F20204A44571D040246BE045F22F4458
:10195000C5F60204A44527DC40F2B744C4F20204F1
:10196000A44542DC40F27044C4F20204A4455DD0B8
:1019700040F28844C4F20204A44557D040F2A04487
:1019800050E040F22744C4F20204A4453CDCA02409
:10199000C4F20204A44549D0B824C4F20204A44508
:1019A00044D040F210443DE045F26B44C5F60204D9
:1019B000A44553DC45F23044C5F60204A4455FD08B
:1019C00045F24444C5F60204A44559D045F25844B2
:1019D00052E05824C4F20204A44527D07024C4F273
:1019E0000204A44522D088241CE040F2B844C4F28A
:1019F0000204A4451AD045F20844C5F60204A445E1
:101A00003ED045F21C4437E040F22844C4F20204C0
:101A1000A4450BD040F24044C4F20204A44505D0D2
:101A200040F25844C4F20204A4453FD18468C06D1A
:101A300000F01F003F2505FA00F0CEF80800DCF8A2
:101A40000000402C20F48020CCF80000CCF80430BA
:101A500023D0CCF80810CCF80C2070BD45F26C44B3
:101A6000C5F60204A4450BD045F28044C5F6020435
:101A7000A44505D045F29444C5F60204A44515D109
:101A8000C46D806804F01F040125402805FA04F4A1
:101A9000CEF80440CCF8043004D1CCF80820CCF8BF
:101AA0000C1070BDCCF80810CCF80C2070BD0000F4
:101AB000704700000000000045F6183444F2E87555
:101AC000C2F20044C2F2004580222046294605F0B9
:101AD000CFFF44F2E47740F6C816C2F20047C2F2E4
:101AE000004600BF386800224FF0FF3331460DF04A
:101AF000EBFD80222046294605F0BAFFF2E7000000
:101B000045F6340040F2A011C2F20040C2F200419A
:101B10004FF4006205F0ACFF0DF01AFA43F24031C9
:101B200046F6A80A46F6D807C2F20041C2F2014AB8
:101B300040F6C019C2F2014740F6B81B40F6B4188F
:101B4000C2F20049C2F2004B0AF12004C2F200487E
:101B500007F1200508600BE045F6340040F2A011C3
:101B60004FF40062C2F20040C2F2004105F080FF73
:101B700040F6A4104FF0FF31C2F2004000680DF0B3
:101B80007FFE40F6BC100022C2F200400023514606
:101B900000680DF099FDD9F80000002200233946B5
:101BA0000DF092FD0646DBF80000002200232146DE
:101BB0000DF08AFDD8F800000022002329460DF020
:101BC00083FD002EC8D140F6A810C2F20040006884
:101BD0000DF0F2FEC0E7000040F6DC1643F22034C0
:101BE00043F23035C2F20046C2F20044C2F2004570
:101BF000306800224FF0FF3321460DF065FD30685C
:101C00000022002329460DF05FFDF1E700000000EF
:101C10008CB04FF4FA600DF00FFD07F041F807F0BB
:101C2000E3FA0DF095F940F6D81B40F2801441F22A
:101C3000342541F2903640F6A81A40F6DC17C2F27D
:101C4000004BC2F20044C2F20045C2F20046C2F2AA
:101C5000004A0DF11009C2F20047E84622E000BF39
:101C60000DF076F90790D6F88C100491D6F8901004
:101C70000591D6F894100691D6F880100390D6F806
:101C800084000091D6F88810CDE90101386800225F
:101C9000002349460DF0ACFD386800220023414680
:101CA0000DF0A6FDDBF8000000224FF0FF332146C7
:101CB0000DF00AFDDBF800000022002329460DF09C
:101CC00003FD30462946224607F022F908F004FBBE
:101CD000DAF8000000210DF0D3FD0028C0D14846FD
:101CE0000DF00AF94846FFF723FBB9E700000000B2
:101CF000082001F075BF0000EFF3108072B600BF3E
:101D0000FEE700000000000010B52DED0C8B91EDFA
:101D1000020A0446B7EEC0AA91ED00BA91ED018A1D
:101D2000B0EE4A0B11F078FCB0EE409BB7EEC88ADB
:101D3000B0EE480B11F070FC29EE000BB7EEC00BB3
:101D400084ED000AB0EE4A0B12F022F9B7EECB9AFE
:101D5000B0EE40BBB0EE490B11F05EFCB0EE40CBF4
:101D6000B0EE4A0B11F058FCB0EE40DBB0EE480B81
:101D700012F00EF92DEE00DBB0EE490B12F008F96F
:101D80002DEE000BABEE4C0BB7EEC00B84ED010A51
:101D9000B0EE4A0B12F0FCF8B0EE40BBB0EE490BCF
:101DA00012F0F6F8B0EE40CBB0EE4A0B11F034FC76
:101DB000B0EE40DBB0EE480B12F0EAF82DEE00DB9F
:101DC000B0EE490B11F028FC2DEE000BABEE0C0B26
:101DD000B7EEC00B84ED020AB0EE4A0B12F0D8F851
:101DE000B0EE40BBB0EE480B11F016FC2BEE000B32
:101DF000B7EEC00B84ED030AB0EE4A0B11F00CFCF9
:101E0000B0EE40BBB0EE490B11F006FCB0EE40CB9B
:101E1000B0EE4A0B12F0BCF8B0EE40DBB0EE480B6F
:101E200012F0B6F82DEE00DBB0EE490B12F0B0F870
:101E30002DEE000BABEE0C0BB7EEC00B84ED040ADD
:101E4000B0EE490B12F0A4F8B0EE40BBB0EE4A0B76
:101E500011F0E2FBB0EE40CBB0EE4A0B12F098F876
:101E6000B0EE40ABB0EE480B12F092F82AEE00ABA9
:101E7000B0EE490B11F0D0FB2AEE000BABEE4C0B91
:101E8000B7EEC00B84ED050AB0EE480B12F080F8F7
:101E9000B7EEC00BB1EE400A84ED060AB0EE480B77
:101EA00011F0BAFBB0EE40ABB0EE490B12F070F897
:101EB0002AEE000BB7EEC00B84ED070AB0EE480B1C
:101EC00011F0AAFBB0EE408BB0EE490B11F0A4FB71
:101ED00028EE000BB7EEC00B84ED080ABDEC0C8BAE
:101EE00010BD00000000000080B52DED0C8BB6EE9B
:101EF00000CB90ED020A90ED01AAB7EEC00A90ED7A
:101F000000DA20EE0C9BB0EE490B11F085FBB0EE31
:101F1000408BB0EE490B12F03BF8B7EECA1AB0EEA8
:101F200040AB21EE0C9BB0EE490B11F075FBB0EE0F
:101F300040BBB0EE490B12F02BF8B7EECD1A21EEF4
:101F40000C9BB0EE40CBB0EE490B11F065FBB0EE50
:101F500040DBB0EE490B12F01BF82AEE0C1B28EE0A
:101F60000B5B28EE0C3B21EE004B21EE4D1B2AEEC5
:101F70000B6BA5EE0D4B23EE0D2B23EE403BA5EE98
:101F8000001BA6EE002BA6EE0D3BB0EE440BBDEC05
:101F90000C8B80BD0000000045F6842440F63425FB
:101FA000C2F20044C2F200454FF4006220462946C6
:101FB00005F05EFD40F6FC1740F61C26C2F2004715
:101FC000C2F20046386800224FF0FF3331460DF070
:101FD0007BFB4FF400622046294605F049FDF1E7FE
:101FE0002DE9F041044601F0DFFE14B3054694F8F4
:101FF0003500022820D140F20F462768C4F20206BD
:1020000040F26F48B7426FF00E00C4F2020817DCCE
:102010006F21C4F202018F4223DC3F21C4F202018E
:102020008F4239DC1021C4F202018F4258D028219E
:1020300051E00120BDE8F08180206065012040E290
:1020400047451ADC40F23F41C4F202018F422ADCCC
:1020500040F21041C4F202018F4241D040F22841C7
:1020600039E09F21C4F202018F4225DC7021C4F2C5
:1020700002018F4234D088212DE040F29F41C4F20A
:1020800002018F421FDC40F27041C4F202018F4214
:1020900026D040F288411EE04021C4F202018F4266
:1020A0001ED0582117E040F24041C4F202018F4295
:1020B00016D040F258410EE0A021C4F202018F4236
:1020C0000ED0B82107E040F2B841C4F202018F42BD
:1020D00006D040F2A041C4F202018F42394607D136
:1020E0003946386820F01E0041F8140B6FF080006C
:1020F0000A68474500EA0200086019DC9F20C4F224
:102100000200874231DC5720C4F20200874256DCCD
:102110001020C4F20200874200F091802820C4F20F
:102120000200874200F08B804020C4F2020084E06D
:1021300045F22F40C5F6020087422BDC40F2B74043
:10214000C4F20200874248DC40F27040C4F2020050
:10215000874274D040F28840C4F2020087426ED0B9
:1021600040F2A040C4F2020067E040F22740C4F20F
:102170000200874240DCA020C4F2020087425ED009
:10218000B820C4F20200874259D040F21040C4F295
:10219000020052E045F26B40C5F6020087423CDC8B
:1021A00045F23040C5F60200874248D045F244402F
:1021B000C5F60200874242D045F258403BE0582025
:1021C000C4F2020087423AD07020C4F20200874273
:1021D00035D08820C4F202002FE040F2B840C4F2AB
:1021E000020087422BD045F20840C5F60200874224
:1021F00025D045F21C401EE040F22840C4F2020007
:1022000087421CD040F24040C4F20200874216D000
:1022100040F25840C4F202000FE045F26C40C5F6AF
:10222000020087420BD045F29440C5F60200874277
:1022300005D045F28040C5F60200874204D1206EE9
:10224000016821F480710160386820F00100386075
:102250003868C0070BD001F0A7FD401B0628F7D354
:1022600020206065032084F83500012029E12068E2
:10227000B04210DC6F21C4F2020188421CDC3F2115
:10228000C4F20201884232DC1021C4F20201884209
:1022900050D028214AE040451ADC40F23F41C4F2C8
:1022A000020188422ADC40F21041C4F20201884255
:1022B00040D040F2284139E09F21C4F20201884217
:1022C00025DC7021C4F20201884233D088212DE040
:1022D00040F29F41C4F2020188421FDC40F270418B
:1022E000C4F20201884225D040F288411EE040211C
:1022F000C4F2020188421DD0582117E040F240414B
:10230000C4F20201884215D040F258410EE0A021EB
:10231000C4F2020188420DD0B82107E040F2B84172
:10232000C4F20201884205D040F2A041C4F2020189
:10233000884259D1D4E9161202F01F023F2303FA52
:1023400002F28A60404559DC9F21C4F202018842B2
:1023500014DC5721C4F20201884226DC1021C4F2A9
:102360000201884200F09D802821C4F202018842C7
:1023700000F097804021C4F2020190E040F2274132
:10238000C4F2020188421EDCA021C4F2020188428C
:1023900000F08780B821C4F20201884200F08180F9
:1023A00040F21041C4F2020179E05821C4F2020166
:1023B000884276D07021C4F20201884271D088210F
:1023C000C4F202016BE040F22841C4F202018842EB
:1023D00067D040F24041C4F20201884261D040F22D
:1023E0005841C4F202015AE0D4E9161202F01F0269
:1023F000012303FA02F24A604045A5DD45F22F4170
:10240000C5F60201884216DC40F2B741C4F202016F
:10241000884225DC40F27041C4F20201884240D07B
:1024200040F28841C4F2020188423AD040F2A04111
:10243000C4F2020133E045F26B41C5F60201884265
:102440001DDC45F23041C5F60201884229D045F233
:102450004441C5F60201884223D045F258411CE0B0
:1024600040F2B841C4F2020188421AD045F2084154
:10247000C5F60201884214D045F21C410DE045F238
:102480006C41C5F6020188420BD045F29441C5F675
:102490000201884205D045F28041C5F6020188421A
:1024A0000BD1616EA26EE06E4A6030B1016821F41A
:1024B00080710160D4E91C014160012084F835007D
:1024C0000020002184F83410BDE8F08100000000F5
:1024D00080B5D8B190F83510022919D140F20F42D9
:1024E0000168C4F20202914216DC6F23C4F20203B7
:1024F000994226DC3F23C4F2020399423CDC1023BC
:10250000C4F2020399425AD0282354E0012080BD2E
:1025100080214165012080BD40F26F43C4F2020377
:1025200099421ADC40F23F43C4F2020399422ADC8A
:1025300040F21043C4F20203994240D040F22843D3
:1025400039E09F23C4F20203994225DC7023C4F2D0
:102550000203994233D088232DE040F29F43C4F216
:10256000020399421FDC40F27043C4F20203994215
:1025700025D040F288431EE04023C4F20203994272
:102580001DD0582317E040F24043C4F202039942A1
:1025900015D040F258430EE0A023C4F20203994242
:1025A0000DD0B82307E040F2B843C4F202039942C9
:1025B00005D040F2A043C4F2020399426ED1914289
:1025C0004FF0040280F8352010DC6F20C4F20200C6
:1025D000814220DC3F20C4F20200814236DC102020
:1025E000C4F20200814253D028204EE040F26F40F6
:1025F000C4F2020081421ADC40F23F40C4F2020001
:1026000081422ADC40F21040C4F2020081423FD0F5
:1026100040F2284039E09F20C4F20200814225DCCC
:102620007020C4F20200814232D088202DE040F2B6
:102630009F40C4F2020081421FDC40F27040C4F2AD
:102640000200814224D040F288401EE04020C4F2C3
:10265000020081421CD0582017E040F24040C4F2F2
:102660000200814214D040F258400EE0A020C4F293
:10267000020081420CD0B82007E040F2B840C4F21A
:102680000200814204D040F2A040C4F20200814224
:10269000086820F001000860002080BD0A6822F070
:1026A0000E020A6045F25742C5F6020291420A68DC
:1026B00022F001020A600EDC45F22F42C5F602024A
:1026C000914217DC45F20842C5F60202914226D03B
:1026D00045F21C421FE045F27F42C5F602029142DC
:1026E00011DC45F25842C5F60202914217D045F27C
:1026F0006C4210E045F23042C5F6020291420ED023
:1027000045F2444207E045F29442C5F60202914286
:1027100005D045F28042C5F6020291421AD1D0E9B5
:10272000181CD0E916E30A6822F480720A6003F0EC
:102730001F01012202FA01F1CEF80410816ECCF8DB
:102740000410C16E31B10A6822F480720A60D0E9C7
:102750001C124A60012180F83510026D002180F8BA
:1027600034100AB190470021084680BD00000000E7
:10277000406D7047000000002DE9F04381B000215A
:10278000009140F228010446C2F2004148F2B5121D
:10279000C1F64E32A56D096840F26F490068C4F277
:1027A0000209A1FB021848452E682A6815DC9F2102
:1027B000C4F2020188422BDC5721C4F20201884294
:1027C0004FDC1021C4F20201884278D02821C4F2E3
:1027D0000201884273D040216CE045F22F41C5F6DA
:1027E0000201884227DC40F2B741C4F2020188426C
:1027F00043DC40F27041C4F2020188425FD040F2F3
:102800008841C4F20201884259D040F2A04151E00F
:1028100040F22741C4F2020188423DDCA021C4F20B
:10282000020188424BD0B821C4F20201884246D04E
:1028300040F210413EE045F26B41C5F6020188428C
:1028400075DC45F23041C5F60201884200F0828015
:1028500045F24441C5F6020188427BD045F2584119
:1028600073E05821C4F20201884228D07021C4F2DA
:102870000201884223D088211CE040F2B841C4F212
:10288000020188421BD045F20841C5F60201884288
:1028900060D045F21C4158E040F22841C4F20201E8
:1028A00088420CD040F24041C4F20201884206D076
:1028B00040F25841C4F20201884240F05884E16D70
:1028C000082201F01F018A40324200F0168140F2D6
:1028D0000F43C4F2020398424FF0040313DC6F2746
:1028E000C4F20207B84200F391803F27C4F2020706
:1028F000B84200F3D2801027C4F20207B84200F0B9
:10290000F0802827E8E0484500F38C8040F23F47FC
:10291000C4F20207B84200F3C78040F21047C4F285
:102920000207B84200F0DD8040F22847D4E045F2CB
:102930006C41C5F6020188420CD045F28041C5F6D3
:102940000201884206D045F29441C5F60201884250
:1029500040F00D840368E16D01F01F01042707FAC0
:1029600001F6164218BF13F004072CD1022707FA0C
:1029700001F6164218BF13F002076AD1CA401207C7
:1029800040F1F58313F0080200F0F18340F20F42AA
:10299000C4F2020290426FF01C0200F3FF826F2328
:1029A000C4F20203984200F331833F23C4F20203CE
:1029B000984200F366831023C4F20203984200F0A9
:1029C000988328238FE319046E603AD4990600F1A6
:1029D000CA8340F20F41C4F2020188426FF008013D
:1029E00000F301836F22C4F20202904200F32D83B0
:1029F0003F22C4F20202904200F38D831022C4F2FF
:102A00000202904200F0AC832822A3E39F27C4F285
:102A10000207B84251DC7027C4F20207B84260D006
:102A2000882759E040F29F47C4F20207B8424BDCC6
:102A300040F27047C4F20207B84252D040F28847D1
:102A40004AE0D80300F1A682A16C002940F09D82E3
:102A50008DE319046E6000F1B482990600F1D3830E
:102A600040F20F41C4F2020188426FF0140100F3FA
:102A70000F836F22C4F20202904200F37B833F2255
:102A8000C4F20202904200F390831022C4F20202C8
:102A9000904200F0AF832822A6E34027C4F2020749
:102AA000B8421ED0582717E040F24047C4F2020750
:102AB000B84216D040F258470EE0A027C4F20207F1
:102AC000B8420ED0B82707E040F2A047C4F2020790
:102AD000B84206D040F2B847C4F20207B84218BF65
:102AE000082307681F4208D0036823F0040303602B
:102AF000AA60626D42F00102626501228A403242A0
:102B00006FD040F20F43C4F20203984210DC6F23EF
:102B1000C4F2020398421CDC3F23C4F20203984231
:102B200032DC1023C4F20203984251D028234AE039
:102B300048451ADC40F23F43C4F2020398422ADCC3
:102B400040F21043C4F20203984241D040F22843BD
:102B500039E09F23C4F20203984225DC7023C4F2BB
:102B60000203984234D088232DE040F29F43C4F200
:102B7000020398421FDC40F27043C4F20203984201
:102B800026D040F288431EE04023C4F2020398425C
:102B90001ED0582317E040F24043C4F2020398428B
:102BA00016D040F258430EE0A023C4F2020398422C
:102BB0000ED0B82307E040F2B843C4F202039842B3
:102BC00006D040F2A043C4F20203984240F0FF81D5
:102BD000436903F0800323B1AA60626D42F00202F0
:102BE000626504228A4032426FD040F20F43C4F241
:102BF0000203984210DC6F23C4F2020398421CDCEB
:102C00003F23C4F20203984232DC1023C4F20203D1
:102C1000984251D028234AE048451ADC40F23F430D
:102C2000C4F2020398422ADC40F21043C4F20203C9
:102C3000984241D040F2284339E09F23C4F2020376
:102C4000984225DC7023C4F20203984234D08823D2
:102C50002DE040F29F43C4F2020398421FDC40F291
:102C60007043C4F20203984226D040F288431EE02B
:102C70004023C4F2020398421ED0582317E040F2CA
:102C80004043C4F20203984216D040F258430EE08B
:102C9000A023C4F2020398420ED0B82307E040F20A
:102CA000B843C4F20203984206D040F2A043C4F2F3
:102CB0000203984240F09181036803F0020323B1BC
:102CC000AA60626D42F004026265102202FA01F10C
:102CD00031427DD040F20F42C4F2020290424FF0E6
:102CE000080210DC6F23C4F2020398421CDC3F236D
:102CF000C4F20203984232DC1023C4F20203984269
:102D000051D028234AE048451ADC40F23F43C4F240
:102D1000020398422ADC40F21043C4F202039842B4
:102D200041D040F2284339E09F23C4F20203984285
:102D300025DC7023C4F20203984234D088232DE0AE
:102D400040F29F43C4F2020398421FDC40F27043FA
:102D5000C4F20203984226D040F288431EE040238A
:102D6000C4F2020398421ED0582317E040F24043B9
:102D7000C4F20203984216D040F258430EE0A0235A
:102D8000C4F2020398420ED0B82307E040F2A043F9
:102D9000C4F20203984206D040F2B843C4F20203E0
:102DA000984218BF04220368134211D0A960016839
:102DB0004903016806D4C90506D4016821F0080159
:102DC000016001E0080352D4216C09B12046884714
:102DD000E06D00F01F01202000FA01F2324200F005
:102DE000AB8040F20F432068C4F2020398424FF0D8
:102DF000100310DC6F27C4F20207B8421CDC3F2727
:102E0000C4F20207B84236DC1027C4F20207B84207
:102E100055D028274EE048451ADC40F23F47C4F21F
:102E20000207B8422EDC40F21047C4F20207B84253
:102E300045D040F228473DE09F27C4F20207B84240
:102E400029DC7027C4F20207B84238D0882731E065
:102E500040F29F47C4F20207B84223DC40F27047B9
:102E6000C4F20207B8422AD040F2884722E0A16C9F
:102E70000029ABD1ACE74027C4F20207B8421ED00C
:102E8000582717E040F24047C4F20207B84216D074
:102E900040F258470EE0A027C4F20207B8420ED015
:102EA000B82707E040F2A047C4F20207B84206D0B4
:102EB00040F2B847C4F20207B84218BF02230768BD
:102EC0001F4239D0AA6094F83520042A02681BD129
:102ED00022F016020260426922F080024261226CF6
:102EE0000AB9A26C1AB1026822F0080202603F20FF
:102EF0008840A860012084F83500216D0020002959
:102F000084F8340041D132E1510301680CD4C90581
:102F10000ED4016821F010010160012084F8350011
:102F2000002084F8340003E0080301D4616C00E061
:102F3000E16B09B120468847606D002800F01781D9
:102F4000606DC0071DD0042084F8350020684FEA6A
:102F50009821026822F00102026000BF009A01324B
:102F600000928A4202D80268D207F7D10068C007EF
:102F70004FF0030008BF012084F83500002084F8DA
:102F80003400E16C002900F0F280204601B0BDE879
:102F9000F0430847216C0029F7D1E8E0484541DCBF
:102FA00040F23F43C4F20203984200F3848040F2AF
:102FB0001043C4F20203984200F09B8040F2284381
:102FC00091E0D8033DD4616C0029DED1CFE00368E5
:102FD0000023002B7FF400AE03E603680023002BE0
:102FE0007FF46EAE71E648453CDC40F23F42C4F2ED
:102FF0000202904200F3968040F21042C4F20202B4
:10300000904200F0AD8040F22842A3E09F23C4F23A
:103010000203984258DC7023C4F20203984268D03D
:10302000882360E040F29F43C4F20203984252DCDE
:1030300040F27043C4F2020398425AD040F28843EF
:1030400051E0E16B0029A0D191E09F22C4F202027D
:10305000904270DC7022C4F20202904200F0808044
:10306000882277E040F29F42C4F20202904269DC7B
:1030700040F27042C4F20202904271D040F28842A3
:1030800068E04023C4F20203984232D058232AE079
:1030900048457BDC40F23F42C4F20202904200F31A
:1030A0008B8040F21042C4F20202904200F0A280F3
:1030B00040F2284298E040F24043C4F202039842B2
:1030C00017D040F258430EE0A023C4F20203984206
:1030D0000FD0B82307E040F2A043C4F202039842A5
:1030E00007D040F2B843C4F20203984218BF6FF011
:1030F0000E0203681A400260012000FA01F16960C3
:10310000606584F835000020E16C84F83400002903
:103110007FF43BAF2BE04022C4F2020290421FD06A
:10312000582217E040F24042C4F20202904217D007
:1031300040F258420EE0A022C4F2020290420FD0A8
:10314000B82207E040F2A042C4F20202904207D047
:1031500040F2B842C4F20202904218BF6FF004017C
:10316000026811400160216C00297FF40EAF01B0AC
:10317000BDE8F0839F22C4F20202904225DC702257
:10318000C4F20202904235D088222DE040F29F42E4
:10319000C4F2020290421FDC40F27042C4F202020A
:1031A000904227D040F288421EE04022C4F2020240
:1031B00090421FD0582217E040F24042C4F202026F
:1031C000904217D040F258420EE0A022C4F2020210
:1031D00090420FD0B82207E040F2A042C4F20202AF
:1031E000904207D040F2B842C4F20202904218BFA7
:1031F0006FF00A01026811400160012084F8350077
:10320000002084F83400E16B00297FF4BEAEAEE705
:103210002DE9F041044600F0C7FDECB140F26F48E3
:1032200005462068C4F20208404518DC9F21C4F21C
:10323000020188422EDC5721C4F20201884254DC8C
:103240001021C4F2020188427DD02821C4F202017B
:10325000884278D0402171E00120BDE8F08145F23C
:103260002F41C5F60201884227DC40F2B741C4F283
:103270000201884245DC40F27041C4F202018842FA
:1032800061D040F28841C4F2020188425BD040F232
:10329000A04153E040F22741C4F2020188423FDCE2
:1032A000A021C4F2020188424DD0B821C4F202012B
:1032B000884248D040F2104140E045F26B41C5F6EB
:1032C0000201884200F3928045F23041C5F60201C6
:1032D000884200F09D8045F24441C5F602018842D3
:1032E00000F0968045F258418EE05821C4F2020168
:1032F000884228D07021C4F20201884223D088215C
:103300001CE040F2B841C4F2020188421BD045F2F1
:103310000841C5F6020188427AD045F21C4173E0AB
:1033200040F22841C4F2020188420CD040F24041F0
:10333000C4F20201884206D040F25841C4F20201B0
:10334000884240F0C580022184F83510002184F8BD
:103350003410016821F00101016000BF206801689C
:10336000C9070CD000F020FD401B0628F6D3202012
:103370006065032084F835000120BDE8F08148F243
:103380003F0204F108060168CFF61062114065693A
:103390004CCE1143A2691943E3693143266A0D43B8
:1033A000616A2B43042943EA060343EA020303D17B
:1033B000D4E90B652E43334341F20006C5F60046BF
:1033C0003668B6F1005F6CD36568A5F12906202E3A
:1033D00005D23F27CCF2C037F740FF075CD1A5F1FB
:1033E0004F060025042E38BF012556E045F26C41FA
:1033F000C5F6020188420BD045F28041C5F60201B4
:10340000884205D045F29441C5F6020188425FD159
:1034100004F1080E022184F83510002184F83410DC
:103420000168A3699EE80450A2F18005E769B5FA36
:1034300085F566696D09402A4FEA853543EA07023A
:103440006FF3101142EA060208BF102541EADC01C1
:1034500042EA0E022943236A41EAD2014AF6F832CF
:10346000CAF2FD724CF6CD470244CCF6CC4741EA95
:103470001311A2FB072301606FF0030000EA930021
:10348000E0652046FEF708F9E16D012201F01F0119
:1034900002FA01F1416045E00125002D18BF43F417
:1034A000801303600429436923F0070341EA030101
:1034B0002DD1D4E90A5341EA050143B3B2F5005FC7
:1034C00008D09AB9022D16D0012D09D09DB115E072
:1034D00040204DE7032D11D8DFE805F00A0D0A0260
:1034E000A3F1C072B2FA82F2520908E0032D01D2B0
:1034F000012204E002D1C3F3006200E0002232B1F5
:1035000040206065012084F83500BDE8F08141610C
:103510002046FEF7C1F8E16D3F2201F01F0102FADB
:1035200001F181602068404519DC9F21C4F202014D
:10353000884231DC5721C4F20201884256DC102156
:10354000C4F20201884200F092802821C4F20201F4
:10355000884200F08C804021C4F2020184E045F2F0
:103560002F41C5F6020188422BDC40F2B741C4F27C
:103570000201884248DC40F27041C4F202018842F4
:1035800075D040F28841C4F2020188426FD040F207
:10359000A041C4F2020167E040F22741C4F20201F7
:1035A000884240DCA021C4F2020188425FD0B821E9
:1035B000C4F2020188425AD040F21041C4F2020122
:1035C00052E045F26B41C5F6020188423CDC45F20F
:1035D0003041C5F60201884249D045F24441C5F662
:1035E0000201884243D045F258413BE05821C4F2E1
:1035F000020188423BD07021C4F20201884236D0D9
:103600008821C4F202012FE040F2B841C4F2020165
:1036100088422CD045F20841C5F60201884226D0E6
:1036200045F21C411EE040F22841C4F202018842EA
:103630001DD040F24041C4F20201884217D040F24E
:103640005841C4F202010FE045F26C41C5F6020197
:1036500088420CD045F29441C5F60201884206D05A
:1036600045F28041C5F60201884240F0D08045F223
:10367000574C45F6FC01C5F6020CC5F60201604543
:103680000EDC45F22F43C5F60203984217DC45F2E3
:103690000843C5F60203984226D045F21C431FE0BA
:1036A00045F27F43C5F60203984211DC45F25843C8
:1036B000C5F60203984217D045F26C4310E045F27C
:1036C0003043C5F6020398420ED045F2444307E06A
:1036D00045F29443C5F60203984205D045F2804373
:1036E000C5F60203984250D100F0FC034CF6CD47DA
:1036F000083BCCF6CC47A3FB0737A1F1FC05A1F1B1
:103700007C063B0905EB83022266A26803F01F03D7
:103710000127802A666607FA03F2A26601D1002219
:1037200062606268A56ED4E91876D3B2013A072ABE
:103730003B60756015D85E1E072E62D8604501F1AA
:10374000440213DC45F22F47C5F60207B8423CDCC1
:1037500045F20847C5F60207B8424BD045F21C4770
:1037600044E000206067C4E91B0050E045F27F4759
:10377000C5F60207B84231DC45F25847C5F60207E4
:10378000B84237D045F26C4730E000F0F8034AF613
:10379000AB27103BCAF6AA27A3FB073740F20F431B
:1037A000C4F2020308253E09984203F1AA023346F7
:1037B00088BF05EB171340F600059042C4F20205DE
:1037C00028BF334605F180069CE745F23047C5F631
:1037D0000207B8420ED045F2444707E045F2804761
:1037E000C5F60207B84205D045F29447C5F6020770
:1037F000B84213D101EB8300E06601202267B0409C
:10380000606704F16C02002307CA03604A6000206D
:103810006065012184F83510BDE8F08140F60000B4
:10382000C4F2020000F1FC0100F5A072E2E7000022
:10383000B0B5E0B3054690F83400012801D102206C
:10384000B0BD012085F8340095F83500012828D155
:10385000022085F83500002068652868046824F097
:10386000010404602846FDF7A3FF40F20F422868D8
:10387000C4F2020240F26F419042C4F2020118DC2D
:103880006F23C4F20203984224DC3F23C4F20203F4
:1038900098423ADC1023C4F20203984259D02823FC
:1038A00052E04FF400606865002085F83400012084
:1038B000B0BD88421ADC40F23F43C4F20203984292
:1038C0002ADC40F21043C4F20203984241D040F295
:1038D000284339E09F23C4F20203984225DC702379
:1038E000C4F20203984234D088232DE040F29F4373
:1038F000C4F2020398421FDC40F27043C4F2020398
:10390000984226D040F288431EE04023C4F20203CE
:1039100098421ED0582317E040F24043C4F20203FD
:10392000984216D040F258430EE0A023C4F202039E
:1039300098420ED0B82307E040F2B843C4F2020325
:10394000984206D040F2A043C4F20203984240F0ED
:10395000238103680B2464F3440303602B6C1BB1C5
:103960000823046823430360884219DC9F23C4F2C0
:103970000203984231DC5723C4F20203984256DC1A
:103980001023C4F20203984200F091802823C4F26D
:103990000203984200F08B804023C4F2020384E0CB
:1039A00045F22F43C5F6020398422BDC40F2B743A1
:1039B000C4F20203984248DC40F27043C4F20203AE
:1039C000984274D040F28843C4F2020398426ED009
:1039D00040F2A043C4F2020367E040F22743C4F27E
:1039E0000203984240DCA023C4F2020398425ED056
:1039F000B823C4F20203984259D040F21043C4F2F3
:103A0000020352E045F26B43C5F6020398423CDCE8
:103A100045F23043C5F60203984248D045F244438C
:103A2000C5F60203984242D045F258433BE0582382
:103A3000C4F2020398423AD07023C4F202039842BF
:103A400035D08823C4F202032FE040F2B843C4F219
:103A5000020398422BD045F20843C5F60203984270
:103A600025D045F21C431EE040F22843C4F2020375
:103A700098421CD040F24043C4F20203984216D050
:103A800040F25843C4F202030FE045F26C43C5F61E
:103A9000020398420BD045F29443C5F602039842C4
:103AA00005D045F28043C5F6020398426ED12B6ED5
:103AB0001C68E40303D51C6844F480741C60EB6E3E
:103AC0001BB11D6845F480751D60904210DC6F21AC
:103AD000C4F2020188421CDC3F21C4F20201884288
:103AE00032DC1021C4F2020188424FD028214AE082
:103AF00088421ADC40F23F41C4F2020188422ADCCB
:103B000040F21041C4F2020188423FD040F2284105
:103B100039E09F21C4F20201884225DC7021C4F201
:103B20000201884232D088212DE040F29F41C4F248
:103B3000020188421FDC40F27041C4F20201884257
:103B400024D040F288411EE04021C4F202018842A4
:103B50001CD0582117E040F24041C4F202018842D3
:103B600014D040F258410EE0A021C4F20201884274
:103B70000CD0B82107E040F2B841C4F202018842FB
:103B800004D040F2A041C4F202018842016841F031
:103B9000010101600020B0BD0368052464F3430304
:103BA00003602B6C002B3FF4DFAE0423D9E600004A
:103BB000B0B5044600F0F8F840F211110546C2F223
:103BC0000041621C097818BF0C4400BF00F0ECF8FB
:103BD000401BA042FAD3B0BD7047000000000000B7
:103BE0008821C5F600010A68024208BF70470860D4
:103BF000FFF7F2BF000000002DE9F04F82B00C6823
:103C0000002C00F0C58000F1264242F2004302F190
:103C1000FF72C5F602030A2798424FEAB22540F226
:103C2000040E08BF0927092DC5F6000E38BF4FEA5C
:103C3000B22700224FF0030C00970026002709E06E
:103C400001370C6834FA07F306F1020602F10402A8
:103C500000F09E80012303FA07FA14EA0A09EFD064
:103C6000D1F804B00BF00304A4F10108B8F1010F7E
:103C700011D8D0F808800CFA06F3CD6828EA0303BF
:103C8000B5402B438360CBF30015436823EA0A0356
:103C9000BD402B434360032C1DD0C3680CFA06F5CE
:103CA000AB438D68B540022C43EA0503C36012D1D3
:103CB0006FF0030302F01C0503EA57030F240344CB
:103CC00004FA05FAD3F820800C6928EA0A08AC4007
:103CD00044EA08041C6203680CFA06F44D68A34326
:103CE00005F0030415F4403F04FA06F443EA040324
:103CF0000360A5D044F2F44440F2084AC5F6020439
:103D0000C5F6000A0F25236843F0020323602368E9
:103D100003F00203019327F00303019C02F00C045B
:103D200053F80A80A54028EA0508009D05FA04F426
:103D300044EA080443F80A404FF0B04ADAF8008039
:103D40004C6848EA0905E30258BF28EA0905A302BE
:103D5000CAF80050DEF8008048EA090558BF28EA92
:103D60000905A303CEF80050DEF8808048EA090573
:103D700058BF28EA0905E403CEF88050DEF87C300D
:103D800043EA090558BF23EA0905CEF87C5057E7F6
:103D900002B0BDE8F08F000041F20000C5F600401F
:103DA0000068000C7047000046F2AC10C2F20140FF
:103DB000006870470000000040F2111046F2AC119C
:103DC000C2F20040C2F2014100780A681044086063
:103DD000704700000000000080B5032000F0D8F814
:103DE00002F00AF844F2184144F6F463C5F6020101
:103DF000C0F601030A68096801F00F01C2F303224B
:103E0000595C9A5C01F01F0102F01F02D04040F2A1
:103E10002C02C2F2004220FA01F1116040F22801A6
:103E2000C2F200410860002000F00AF800281CBF20
:103E3000012080BD00F054F8002080BD000000008B
:103E4000B0B58AB00F283ED804467520002221461E
:103E5000002500F06DF8752000F05AF840F21410BB
:103E6000C2F20040046044F2F040C5F6020001686E
:103E700041F400310160006801A900F400300290B3
:103E8000029802A801F004FF01F086FF4DF683615D
:103E90004000C4F21B3144F20042A0FB010145F294
:103EA0005070C2F200404FF0FF33C4F201020260D2
:103EB00003EB9141C0E9011540F2E731C0E9031578
:103EC00002F0AAFF10B101200AB0B0BD45F2507057
:103ED000C2F2004003F01CF80AB0B0BD00000000C0
:103EE00081B044F2F4400022C5F60200016841F0BE
:103EF0000201016000680F2100F0020000906FF0E5
:103F00000100009B01B000F013B8000000000000A9
:103F1000002848BF704700F01F01012202FA01F19A
:103F20004EF200124009CEF2000242F82010704713
:103F300070B54EF60C5C4FF0FF36CEF2000C00F17F
:103F4000604505F56445DCF80030C3F3022E8EF0C1
:103F50000703042B28BF0423BEF1030406FA03F36E
:103F600021EA030100F00F0338BF0024043B0028BE
:103F7000634406FA04F048BF03F10C05A14022EAAD
:103F8000000008430001287070BD00000000000020
:103F90004EF60C514FF6FF03CEF200010A681A40AC
:103FA00060F30A2242F0806040F0FD7008607047C4
:103FB00001680122C0F8D824002280F8CC24886946
:103FC00040F000608861486D40F08052002042F06F
:103FD00003024A65704700007047000000000000BF
:103FE0000268002051627047B0B5D0F800E0DEF8FA
:103FF0002400D1B1DEF82830B1F1010C00EB1343FD
:104000000BD05FFA8CF10EF58070002450F8045F3D
:1040100001348C4203EB1543F8D30EEB8C0043EADA
:104020000241C0F804110020B0BD40EA0240CEF8C1
:1040300028000020B0BD0000D0F8E00408F014BF54
:1040400001EBC10200EB8202D0F8E004126A08F032
:1040500077BE00000000000001EBC10200EB82020D
:10406000D0F8E004D2F8602208F0C2BE00000000E0
:10407000D0F8E00408F0FCBE10B54AB2044601F0E6
:104080000F00B2F1FF3F00EBC00104EB810205DD40
:1040900002F51571002382F8553203E002F1140194
:1040A0000123537594F894240870012A01D1022049
:1040B00010BD012084F89404206809F0B5FC0020AC
:1040C00084F8940410BD0000B0B50279044601F0F4
:1040D0000F00904201D90120B0BD49B2B1F1FF3FBC
:1040E00009DD00EBC001002304EB810202F515712C
:1040F00082F8553207E000EBC001012304EB810296
:1041000002F11401537594F8942400258D70012A4E
:10411000087001D10220B0BD012084F89404206809
:1041200009F012FE284684F89454B0BD0000000047
:1041300001F00F0101EBC10100EB8100D0F8680232
:10414000704700000000000070B54CB2064601F058
:104150000F00B4F1FF3F00EBC00107DD06EB810467
:10416000002504F5157184F8555206E006EB810C24
:1041700001240CF114018CF815404D7808706FF390
:10418000DF228A60002D0B7118BF4883022B01D1FA
:104190000020487196F89404012801D1022070BDD6
:1041A000012086F89404306809F05EFB002086F850
:1041B000940470BD0000000080B501F00F0E0EEBFE
:1041C000CE0100EB810C0021CCE998238379CCF857
:1041D00068128CF855120CF51571012B8CF854E20D
:1041E00008BFCCF8702200681A4609F0F5FD0020DF
:1041F00080BD000000000000B0B50446007901F069
:104200000F05854201D90120B0BD48B2B0F1FF3F92
:1042100009DD01EBC100002204EB800000F51571FF
:1042200080F8552207E005EBC500012204EB800071
:1042300000F11401427594F8942401208870012A39
:104240000D7001D10220B0BD84F89404206809F0FB
:10425000A3FD2DB9A179206804F29C4209F044FD28
:10426000002084F89404B0BD10B501F00F0C0124B7
:104270000CEBCC0100EB810E714601F814CF4FF02E
:10428000000CC1F814C090F806C04C70CA60BCF1B4
:10429000010F0B6108BFCEF830200068624609F0BC
:1042A0009BFD002010BD00002DE9F04F89B005688E
:1042B0008246284609F00CFF10B109B0BDE8F08F26
:1042C000DAF8000009F034FF0028F6D0D5F8080825
:1042D000C0F30D20CAF8D404DAF8000009F028FF72
:1042E000800705D5DAF80000416901F0020141615B
:1042F000DAF8000005F5006609F01AFFC00605951A
:104300003ED5DAF80000816921F0100181612C6A44
:1043100004F00F05C4F34340062819D0022828D121
:1043200047F6F07014EA000823D005EBC5004FEA09
:1043300018140AEB800705982246D7F8601209F096
:10434000FBFED7F8600200EB1810C7F8600207E028
:104350000AF29C410822059809F0EEFEC4F30A1403
:1043600005EBC5000AEB8000D0F868122144C0F8C4
:104370006812DAF80000816941F010018161059D41
:10438000DAF80000049609F0D3FE0003CDF820A06F
:1043900040F10381DAF8000009F0A6FE002800F0E1
:1043A000FC8006464FF4306800244FF0000B0AF200
:1043B0009C40079009E000BF0BF1010B760808F163
:1043C000200804F1240400F0E880F007F4D05FFA3C
:1043D0008BF9DAF80000494609F0A2FE8246C007D0
:1043E0006CD005EB080001218160089F386808EB5C
:1043F0000001036C8A68BF79012F2AD117073BD4CB
:10440000970658D412F0280F059D57D143F20B0799
:10441000C4F65477BB4202D312F4004248D1089F3D
:10442000002C07EB0402D2F8743209696FF3DF4104
:10443000A3EB0101C2F8681240F0AD80D2F86432FB
:10444000002B00F0A380D2F860020844C2F860029A
:10445000A0E043F20B07C4F65477FF37BB4219D1F3
:10446000100425D49006059D01D520208860089869
:104470004946FFF7F1FD21E043F20B00059DC4F62C
:10448000547083421AD312F4004017D04FF4004006
:10449000886013E03CB90899D1F8641219B9002179
:1044A000079A09F021FC08984946FFF7D5FD04E07A
:1044B0004FF4004000E020208860059D5FEA0A700C
:1044C00026D505EB08000821816043F20B0108980E
:1044D000C4F654714F1E0068056C4044BD428168AB
:1044E00005D911F400411CBF4FF4004181600898C8
:1044F00000F0EAFBBD42059D0AD9089880790128A1
:1045000006D108980121079A006809F0EDFB00BF69
:104510005FEACA6016D45FEA8A701AD45FEA8A60DA
:1045200003D505EB0800202181605FEA8A40DDF8B1
:1045300020A07FF541AF05EB08004FF400518160EA
:104540003AE700BF05EB0800102181605FEA8A703E
:10455000E4D56869000604D50499486840F4806091
:1045600048600898204490F85712012906D100218C
:1045700080F857120898494600F0A2FA05EB0800A7
:10458000022181605FEA8A60CBD4CEE70121079ADD
:1045900009F0AAFB089F384686E7DAF80000AB4628
:1045A00009F0C6FD400340F1E380DAF8000009F0AD
:1045B00093FD002800F0DC80064600270BF5106014
:1045C00003900AF29C40029005E000BF760807F1D4
:1045D000010700F0CD80F007F8D0F9B2DAF800005A
:1045E000079109F089FD0446C007039D0AD1200701
:1045F00032D4E00636D460063AD4A0073ED4200672
:10460000E4D554E0049B07F00F004FF0010C05EBDC
:1046100047120CFA00F0596B21EA00005863C2F807
:1046200008C09AF80600012810D107EBC7000AEB72
:104630008000D0E90712114401623FB9406A28B9ED
:10464000DAF800000121029A09F04EFB5046079962
:10465000FFF7F6FC2007CCD505EB47100821816059
:10466000E006C8D505EB4710102181606006C4D56F
:1046700005EB471040218160A007C0D55846394658
:1046800009F0F2FC07EBC7000AEB800010F8171FD7
:10469000012905D1002101705046079900F00CFA5C
:1046A00005EB47100221816020067FF58FAF07EBF5
:1046B000C7000AEB8000814659F8241FC84658F805
:1046C000042F9142FFF482AF8346DAF80030891A52
:1046D0005BF81C2F914238BF0A4603EB4711069343
:1046E0000332D1F818399BB2B3EB920F28D301F5FE
:1046F000106A00F1200500BFD8F80000D9F80010BA
:1047000081421DD9081A0899DBF80040A0428A7935
:1047100038BF044629680092A3B2DDE9060209F019
:1047200007FE286820442860D8F800002044C8F814
:104730000000E01CDAF8181089B2B1EB900FDBD260
:10474000D9F80000D8F800108842DDF820A0DDF884
:1047500014B03FF63BAF069A07F00F00012101FAB3
:1047600000F0D2F8341821EA0000C2F834082DE72E
:10477000DAF8000009F0DCFCB0F1FF3F049C18DC23
:10478000606820F0010060609AF8CC04012807D12D
:1047900000208AF8CC0400215046FFF71DFC02E0FF
:1047A000504600F075FADAF80000416901F0004166
:1047B0004161DAF8000009F0BBFC00050BD5A068E8
:1047C000C00702D0504600F0A7FADAF800004169AD
:1047D00001F400614161DAF8000009F0A9FC000170
:1047E00018D5DAF80000416901F0006141619AF8DA
:1047F000CC1419B1504600F08FFA0BE001218AF871
:10480000CC14406D0121C0F38300CAF8D004504697
:10481000FFF7E2FBDAF8000009F08AFCC00453D588
:104820006068102120F001006060DAF8000009F0F3
:104830001BFC9AF80400D0B10BF510614FF67F32E3
:104840008A6001380B6823F400130B60C1F808225A
:10485000D1F8003223F40013C1F80032D1F800324D
:1048600043F00063C1F8003201F12001E8D1E069B2
:1048700040F00110E0619AF80F0040B1D4F88400D4
:1048800040F00B00C4F8840004F1440006E06069C5
:1048900042F22B010843606104F1100001680AF242
:1048A0009C4241F00B010160206820F4FE60206012
:1048B0009AF80610DAF8000009F016FADAF80000A3
:1048C000416901F480514161DAF8000009F030FCDF
:1048D00080041CD5DAF8000009F00AF8DAF80000C4
:1048E00009F0E6FB8AF80700DAF8004001F0FCF96D
:1048F0009AF807200146204609F08EFC504600F049
:10490000AFF9DAF80000416901F400514161DAF8C9
:10491000000009F00DFC000708D5504600F0BCF976
:10492000DAF80000416901F008014161DAF800009D
:1049300009F0FEFB000628D50599886920F0800063
:1049400088619AF8040002281FD3012440F27B25D5
:1049500006E000BF9AF8040001342435844214D2E2
:104960001AF805000128F5D104F00F00220600EB2B
:10497000C0000AEB800000F1140158BF00F515716A
:10498000DAF8000009F024FBE4E7DAF8000009F0A7
:10499000CFFBC0022FD59AF80400022825D3059832
:1049A0000AF13C0500F512640126012707E000BF6B
:1049B0009AF80400013720342435874215D2206844
:1049C00029780129F4D1B0F1FF3FF1DC07F00F00A5
:1049D00005F8016C00EBC0000AEB800000F1140147
:1049E000DAF8000009F0F4FAE2E7DAF800004169C9
:1049F00001F480114161DAF8000009F099FB8002AE
:104A000033D59AF80410059D022928D305F53260A4
:104A100001390AF51F72012306E000BF013900F1D8
:104A2000200002F124021AD007681678012EF5D171
:104A3000B7F1FF3FF2DCDAF8D46486EA1747FF07E4
:104A4000ECD102F8013CAF6947F08007AF616F69B4
:104A50003F06E3D40499486840F400704860DAF8EF
:104A60000000416901F400114161DAF8000009F029
:104A70005FFB400008D55046FFF7DEFADAF8000089
:104A8000416901F080414161DAF8000009F050FB12
:104A900040077FF512ACDAF800004468600702D5E1
:104AA0005046FFF7E5FADAF800004168214341601B
:104AB00009B0BDE8F08F0000D0F8E00408F038BA83
:104AC000D0F8E00408F048BA10B582B000285DD0F4
:104AD000044690F8950428B9002084F894042046F0
:104AE00000F06AF8032084F89504206809F0F4F8CF
:104AF000D4E9000194F810C0D4E90223CDF800C035
:104B000008F006FF00283ED12068002109F03CFB98
:104B1000C8BB207960B300EBC00000214FEA800ED3
:104B20004FF0010C00230022E01824339E4502754B
:104B3000C28502F1010280F815C00176C1610162EF
:104B40004162F1D100210022002300BFA0182432CD
:104B5000964580F8543203F1010380F8551280F82D
:104B60005812C0F85C12C0F86012C0F86412EDD19F
:104B7000D4E9000194F810C0D4E90223CDF800C0B4
:104B800008F0B6FF28B1022084F89504012002B095
:104B900010BD00206074012084F89504207B01285A
:104BA00002D12046FFF704FA206808F091FF0020A8
:104BB00002B010BD00000000B0B5B8B0044602A8B5
:104BC000C0210025CDE93655CDE934553395FBF7A5
:104BD000D7FB00212068C4F20801884201D038B018
:104BE000B0BD4FF4802002904FF44010249002A8F2
:104BF000039500F019FA08B1FDF77EF800F0CCF843
:104C000044F2D84433A9C5F60204A06840F001007C
:104C1000A060A06800F00100019001984FF4C0501E
:104C20003390022034900020CDE935000A203790DF
:104C30000020C5F60200FEF7DFFF2068052140F0E6
:104C4000006020602068002200F000600190019860
:104C50006520FFF76DF96520FFF75AF938B0B0BD50
:104C600010B5C179044631B1022901D1012102E018
:104C7000FDF742F80121D4F8E00408F0F9F9D4F87E
:104C8000E004BDE8104008F0A3B9000000000000F7
:104C9000D0F8E00408F0D0B9D0F8E00408F0D8B9B2
:104CA00010B5044690F89404012801D1022010BDEB
:104CB000012084F894046174206809F099FA0020B6
:104CC00084F8940410BD0000D0F8E02400F29C4168
:104CD000104608F0E5B9000010B5044690F89404B9
:104CE000012801D1022010BD2068012184F894140C
:104CF000C168490606D5617B012903D1816B41F466
:104D00008031816309F0A8F9206808F0D1FE002005
:104D100084F8940410BD000010B50446D0F8E004F7
:104D200008F016FA2068D0F8001E41F00101C0F822
:104D3000001EE07A002808BF10BD4EF61050CEF2DB
:104D40000000016841F00601016010BD0000000094
:104D5000B0B544F60C05C5F602052968490729686F
:104D600005D401F00701081A18BF0120B0BD21F0D9
:104D7000070108432860FFF717F8044655F8080CA8
:104D8000800407D4FFF710F8001BB0F57A7FF5D93F
:104D90000120B0BD0020B0BD44F60C00C5F60200F5
:104DA000016841F080710160704700000000000060
:104DB00080B500F099FF44F2204144F6F462C5F654
:104DC0000201C0F601020968C1F30211515C01F051
:104DD0001F01C84080BD000080B544F2384EC5F6C2
:104DE000020E5EF8103C5EF8101C5EF80C2CC1F34D
:104DF000053CDEF80410BCF1000F15D0C908D2063E
:104E000001EAE2716FF35F3100EE101A03F0030163
:104E10000229B8EE400A0CD071B95EF8381C890638
:104E20000DD49FED351A18E000218160C0E9001112
:104E300080BD9FED301A10E09FED2D1A0DE05EF859
:104E4000381C49F20002C0F2D032C1F3C10122FA8B
:104E500001F101EE101AB8EE411ADEF800109FEDD4
:104E6000273A6FF35F2102EE101ADEF80010C1F34B
:104E70004621B8EE422A00EE032A00EE10CAB7EE31
:104E8000003AB8EE400A81EE000A32EE031A02EE52
:104E9000101AB8EE422A20EE010A32EE031A80EE12
:104EA000011ABCEEC11A80ED001ADEF80010C1F341
:104EB000064101EE101AB8EE411A31EE031A80EEE7
:104EC000011ABCEEC11A80ED011ADEF80010C1F320
:104ED000066101EE101AB8EE411A31EE031A80EEA7
:104EE000010ABCEEC00A10EE101A816080BD00BF3E
:104EF0000024744A0024F44A0024744C0000003951
:104F000080B544F2404EC5F6020E5EF8183C5EF8DD
:104F1000181C5EF8142CC1F3055CDEF80410BCF11B
:104F2000000F15D0C908D20501EAE2716FF35F31B5
:104F300000EE101A03F003010229B8EE400A0CD06B
:104F400071B95EF8401C89060DD49FED351A18E042
:104F500000218160C0E9001180BD9FED301A10E092
:104F60009FED2D1A0DE05EF8401C49F20002C0F2E0
:104F7000D032C1F3C10122FA01F101EE101AB8EEEC
:104F8000411ADEF800109FED273A6FF35F2102EE21
:104F9000101ADEF80010C1F34621B8EE422A00EEE6
:104FA000032A00EE10CAB7EE003AB8EE400A81EECE
:104FB000000A32EE031A02EE101AB8EE422A20EE70
:104FC000010A32EE031A80EE011ABCEEC11A80ED1E
:104FD000001ADEF80010C1F3064101EE101AB8EE17
:104FE000411A31EE031A80EE011ABCEEC11A80EDAF
:104FF000011ADEF80010C1F3066101EE101AB8EED6
:10500000411A31EE031A80EE010ABCEEC00A10EE1E
:10501000101A816080BD00BF0024744A0024F44A45
:105020000024744C000000392DE9F04381B004469F
:10503000C07844F22C490007C5F6020901D40025C6
:105040002EE0A06E4FEA305003280DD80025DFE88F
:1050500000F0020E1714D9F80000002540F40030CB
:10506000C9F8000055B913E001253DB910E004F17D
:105070000800022105F00CFC05464DB1A84611E0E0
:1050800004F12800022105F093FC0546002DF5D11E
:10509000D9F82400A16E20F440100843C9F8240078
:1050A0004FF000086078C00730D0A06D042807D802
:1050B000DFE800F00A131C030300FDB1A84625E059
:1050C0000125002DFAD119E0D9F8000040F4003094
:1050D000C9F80000002DF1D110E004F10800002112
:1050E00005F0D6FB0546002DE8D107E004F12800C5
:1050F000002105F05DFC0546002DDFD1D9F8240024
:10510000A16D20F007000843C9F8240060788007EB
:1051100032D5E06D4FEAB010042807D8DFE800F080
:105120000A131C030300FDB1A84625E00125002D4C
:10513000FAD119E0D9F8000040F40030C9F80000B5
:10514000002DF1D110E004F10800002105F0A0FBD2
:105150000546002DE8D107E004F12800002105F004
:1051600027FC0546002DDFD1D9F82400E16D20F49D
:10517000E0700843C9F824006078400734D5D4F8BB
:10518000A8004FEA7050042807D8DFE800F00A139F
:105190001C030300FDB1A84626E00125002DFAD12D
:1051A00019E0D9F8000040F40030C9F80000002DE3
:1051B000F1D110E004F10800002105F069FB05467B
:1051C000002DE8D107E004F12800002105F0F0FBF4
:1051D0000546002DDFD1D9F82C00D4F8A81020F412
:1051E00060000843C9F82C006078000734D5D4F873
:1051F000AC004FEA3060042807D8DFE800F00A135B
:105200001C030300FDB1A84626E00125002DFAD1BC
:1052100019E0D9F8000040F40030C9F80000002D72
:10522000F1D110E004F10800002105F031FB054642
:10523000002DE8D107E004F12800002105F0B8FBBB
:105240000546002DDFD1D9F82C00D4F8AC1020F0A1
:10525000E0600843C9F82C00E078800728D5E06CAE
:105260004FEA3010032806D8DFE800F002091202E6
:10527000B5B1A8461CE00125002DFAD110E0D9F8FF
:10528000000040F40030C9F80000002DF1D107E023
:1052900004F10800022105F0FBFA0546002DE8D1D3
:1052A000D9F82000E16C20F030000843C9F8200054
:1052B0006078C00632D5206E4FEA3030042807D817
:1052C000DFE800F00A131C030300FDB1A84625E047
:1052D0000125002DFAD119E0D9F8000040F4003082
:1052E000C9F80000002DF1D110E004F10800002100
:1052F00005F0CEFA0546002DE8D107E004F12800BC
:10530000002105F055FB0546002DDFD1D9F824001A
:10531000216E20F4E0400843C9F82400607880063C
:1053200026D5606E4FEA3040052807D8DFE800F048
:10533000030A100303039DB1A84619E00125002DBF
:10534000FAD10DE004F10800012105F0A1FA04E012
:1053500004F12800012105F02BFB0546002DEBD1BF
:10536000D9F82400616E20F4E0200843C9F8240035
:105370006078400628D5D4F8B0004FEA3070052890
:1053800007D8DFE800F0030A100303039DB1A84625
:105390001AE00125002DFAD10DE004F108000121E9
:1053A00005F076FA04E004F12800012105F000FB85
:1053B0000546002DEBD1D9F82C00D4F8B01020F020
:1053C000E0400843C9F82C006078000620D5206F23
:1053D000D8B1B0F1005F12D0B0F1805F25D1D9F81B
:1053E000000040F40030C9F8000085B9D9F8240065
:1053F000216F20F040500843C9F8240008E004F170
:105400000800012105F044FA0546002DEED0A8461B
:10541000E078C0072AD0A06C03280AD8DFE800F0A3
:10542000020D1602D5B1A84620E00125002DEED1CF
:10543000DCE70125002DF6D110E0D9F8000040F49A
:105440000030C9F80000002DEDD107E004F108009C
:10545000022105F01DFA0546002DE4D1D9F82000FF
:10546000A16C20F003000843C9F82000A078400692
:1054700042D5D9F8D40340F48070C9F8D403FEF7BC
:1054800093FC0646D9F8D403C00505D4FEF78CFC7E
:10549000801B6528F6D303256DBBD9F84410D4F8DA
:1054A000B400414011F4407F11D0D9F84410D9F82C
:1054B000442042F48032C9F84420D9F8442021F431
:1054C000407122F48032C9F84420C9F84410B0F584
:1054D000807F0FD1FEF768FC064641F2893700BF96
:1054E000D9F84400800705D4FEF75EFC801BB84263
:1054F000F6D3032585B1A8462078C00742D0E06FD7
:105500004FEAF000052823D8DFE800F003262C033B
:1055100003037DB3A84635E04FF6CF73D4F8B4004B
:1055200059F81C2CC0F2FF0300F4407122F47C52A5
:1055300003EA1013B1F5407F08BF1A436FF31F3021
:1055400049F81C2CD9F844100843C9F84400D3E7A3
:105550000125002DDED10DE004F10800012105F048
:1055600097F904E004F12800012105F021FA05462D
:10557000002DCFD1D9F82800E16F20F03800084382
:10558000C9F828002078800724D5A06F052807D8FF
:10559000DFE800F0030A100303039DB1A84619E0F9
:1055A0000125002DFAD10DE004F10800012105F0DC
:1055B0006FF904E004F12800012105F0F9F905462E
:1055C000002DEBD1D9F82800A16F20F00700084387
:1055D000C9F828002078400726D5D4F8940005287B
:1055E00007D8DFE800F0030A100303039DB1A846C3
:1055F0001AE00125002DFAD10DE004F10800012187
:1056000005F046F904E004F12800012105F0D0F985
:105610000546002DEBD1D9F82C00D4F8941020F0D9
:1056200007000843C9F82C002078800628D5D4F854
:1056300090004FEA3070052807D8DFE800F0030A31
:10564000100303039DB1A8461AE00125002DFAD1ED
:105650000DE004F10800002105F01AF904E004F15E
:105660002800022105F0A4F90546002DEBD1D9F858
:105670002800D4F8901020F0E0400843C9F8280032
:105680002078400628D5D4F89C004FEAB0200528A1
:1056900007D8DFE800F0030A100303039DB1A84612
:1056A0001AE00125002DFAD10DE004F108000021D7
:1056B00005F0EEF804E004F12800022105F078F985
:1056C0000546002DEBD1D9F82C00D4F89C1020F41D
:1056D000E0500843C9F82C002078000628D5D4F8FB
:1056E000A0004FEA7030052807D8DFE800F0030A71
:1056F000100303039DB1A8461AE00125002DFAD13D
:105700000DE004F10800002105F0C2F804E004F106
:105710002800022105F04CF90546002DEBD1D9F8FF
:105720002C00D4F8A01020F460400843C9F82C00E5
:105730002078000716D5D4F88400B0F5805F08D132
:1057400004F12800022105F033F9002818BF4FF0BA
:105750000108D9F82800D4F8841020F440500843F8
:10576000C9F828002078C00616D5D4F89800B0F5FE
:10577000807F08D104F12800022105F019F90028E2
:1057800018BF4FF00108D9F82C00D4F8981020F475
:1057900040700843C9F82C00A078000722D5D4F83F
:1057A000A400B0F5003F1AD0B0F5803F11D0C8BBBF
:1057B00004F10800002105F06BF805468DB9D9F811
:1057C0002C00D4F8A41020F440300843C9F82C0071
:1057D00008E004F12800022105F0EAF80546002D52
:1057E000EDD0A846A078400729D5D4F88800B0F5B8
:1057F000401F21D0B0F5001F18D0B0F5801F40F039
:10580000BE80D9F8000040F40030C9F80000ADB9FE
:10581000D9F82800D4F8881020F440100843C9F8BB
:1058200028000CE00125002DDBD1C8E704F1280099
:10583000012105F0BDF80546002DE9D0A846A07865
:10584000C00720D0206DB0F5803F10D0B8B9D9F88E
:10585000000040F40030C9F800009DB9D9F82000DC
:10586000216D20F480300843C9F820000BE004F1DA
:105870000800022105F00CF805461DB9EEE70125E8
:10588000002DEBD0A846E078800608D504F128006A
:10589000022105F08DF8002818BF4FF00108D4E967
:1058A00000108A037AD5D4F880206FF0010303EB4F
:1058B0003223022B0AD34FEA32233BB1012B63D1AF
:1058C000D9F8003043F40033C9F80030002D5ED021
:1058D000CA0266D4CA006ED48A0278D44A0000F1A3
:1058E0008180CA0F40F08E80090200F19680C007C7
:1058F00007D004F10800002104F0CAFF002818BFF7
:1059000005462079800707D504F10800012104F03D
:10591000BFFF002818BF05462079400707D504F1CE
:105920000800022104F0B4FF002818BF05462079C2
:10593000000707D504F12800002105F039F80028F8
:1059400018BF05462079C00607D504F128000121BB
:1059500005F02EF8002818BF05462079800607D5E7
:1059600004F12800022105F023F8002818BF0125C2
:10597000002D18BF0125284601B0BDE8F0830125A0
:10598000002D7FF45BAF43E70125002DA0D1D9F8AE
:10599000283023F440731A43C9F828204546CA0228
:1059A00098D5D9F82420636F22F000421A43C9F831
:1059B0002420CA0090D559F81C2CD4F8B83022F411
:1059C00080421A4349F81C2C8A027FF587AFD9F828
:1059D0002420E36E22F080721A43C9F824204A0082
:1059E0007FF57FAF59F81C2C22F4004249F81C2C9B
:1059F000D4F8BC2059F81C3C1A4349F81C2CCA0F97
:105A00003FF472AFD9F82020636D22F040521A4360
:105A1000C9F8202009027FF56AAFD9F82810D4F818
:105A20008C2021F440011143C9F82810C0077FF4ED
:105A300060AF66E7000000002DE9F04381B0002868
:105A400000F0F68042F200080446C5F200288946BC
:105A5000D8F8000000F00F0088420ED2D8F80000FD
:105A600020F00F0040EA0900C8F80000D8F8000054
:105A700000F00F00484540F0DB80206844F21847F2
:105A80004107C5F602070AD521693A6802F070029B
:105A9000914204D93A6822F070021143396001073B
:105AA0000AD561697A6802F07002914204D97A6875
:105AB00022F0700211437960C1060AD5A1697A68A3
:105AC00002F4E062914204D97A6822F4E062114360
:105AD000796081060AD5E169BA6802F070029142E4
:105AE00004D9BA6822F070021143B96081070AD55F
:105AF000E1683A6802F00F02914204D93A6822F054
:105B00000F0211433960C00740F080802068810790
:105B10000AD5E1683A6802F00F02914204D23A686D
:105B200022F00F0211433960D8F8001001F00F0184
:105B300049450DD9D8F8001021F00F0141EA0901BB
:105B4000C8F80010D8F8001001F00F0149456FD1D6
:105B500041070AD521693A6802F07002914204D2E5
:105B60003A6822F070021143396001070AD5616971
:105B70007A6802F07002914204D27A6822F07002D0
:105B800011437960C1060AD5A1697A6802F4E0621E
:105B9000914204D27A6822F4E0621143796080066F
:105BA0000AD5E069B96801F07001884204D2B96889
:105BB00021F070010843B86000F01EF9396844F61E
:105BC000F4633A68C0F60103C1F3032102F00F0247
:105BD000595C9A5C01F01F0120FA01F102F01F00EC
:105BE00040F22C0221FA00F0C2F20042106040F2B2
:105BF000141040F22802C2F20040C2F200420068D3
:105C0000116001B0BDE8F043FEF71AB9386820F41E
:105C10007061D4E90102012841EA020139600BD028
:105C200003282BD002282ED157F8181C890307D43B
:105C3000012001B0BDE8F08357F8181CC905F7D55D
:105C400057F8081C21F00701084347F8080CFEF735
:105C5000ABF8064641F2883557F8080C616800F049
:105C60003800B0EBC10F3FF451AFFEF79DF8801B39
:105C7000A842F1D9032001B0BDE8F08357F8181C01
:105C80008901D5D5DCE757F8181C4907D0D5D7E7E7
:105C90003F22026044F21842C5F6020252F8083C64
:105CA00003F007034360136803F4706383601368B1
:105CB00003F00F03C360136803F0700303615368BC
:105CC00003F070034361536803F4E06383619268F7
:105CD00002F07002C26142F20000C5F200200068CA
:105CE00000F00F000860704780B500F085F844F2BE
:105CF000184144F6F463C5F60201C0F601030A68D0
:105D0000096801F00F01C2F30322595C9A5C02F0AA
:105D10001F0220FA02F201F01F0040F22C0122FAC9
:105D200000F0C2F20041086040F22801C2F20041D6
:105D30000A6080BD0000000080B500F05DF844F20C
:105D4000184C44F6F461C5F6020CC0F60101DCF80B
:105D50000020DCF8003003F00F03C2F30322CB5C19
:105D60008A5C02F01F02D04003F01F0240F22C03B5
:105D700020FA02F2C2F200431A6040F22803C2F293
:105D800000431860DCF80400C0F30210085C00F067
:105D90001F0022FA00F080BD80B500F02DF844F21B
:105DA000184C44F6F461C5F6020CC0F60101DCF8AB
:105DB0000020DCF8003003F00F03C2F30322CB5CB9
:105DC0008A5C02F01F02D04003F01F0240F22C0355
:105DD00020FA02F2C2F200431A6040F22803C2F233
:105DE00000431860DCF80400C0F30220085C00F0F7
:105DF0001F0022FA00F080BD44F20041C5F6020106
:105E00000869C0F3C20003280FD002282CD080BB41
:105E10000868800649F20000C0F2D03058BF7047D1
:105E20000968C1F3C101C84070478A6A886AC0F333
:105E3000051CC86ABCF1000F4B6B1FD000F00100BD
:105E400002F003024042022A00EAD3006FF35F30FF
:105E500000EE100AB8EE400A12D0A2B90868800617
:105E600014D49FED261A1EE041F20020C0F27A0001
:105E7000704740F60010C0F23D00704700207047A8
:105E80009FED1D1A0FE09FED1B1A0CE0086849F208
:105E90000002C0F2D032C0F3C10022FA00F001EEDD
:105EA000100AB8EE411A086B9FED153A6FF35F20A8
:105EB00002EE100A086BC0F34620B8EE422A013009
:105EC00000EE032A00EE10CAB7EE003AB8EE400A20
:105ED00081EE000A32EE031A20EE010A01EE100AEA
:105EE000B8EE411A80EE010ABCEEC00A10EE100AAC
:105EF000704700BF0024744A0024F44A0024744C04
:105F000000000039000000002DE9F04381B0F8B135
:105F10008046007844F20049C007C5F602095AD00D
:105F2000D9F8100000F03801D9F82800102905D060
:105F300018290FD100F0030002280BD1D9F8000076
:105F4000800344D5D8F80400002840D101272FE071
:105F5000012718E3D8F804402CB1B4F5A02F0DD0D8
:105F6000B4F5803F10D0D9F8000020F48030C9F893
:105F70000000D9F8000020F4802009E0D9F80000E2
:105F800040F48020C9F80000D9F8000040F48030C7
:105F9000C9F80000FDF708FF0546A4B1D9F80000D4
:105FA000800314D4FDF700FF401B6428F6D90327B3
:105FB0000020002800F0E7820DE000BFFDF7F4FEAE
:105FC000401B6428F3D8D9F800008003F6D40120E0
:105FD000002800F0D88298F80000800740F1848003
:105FE000D9F8100010F03801D9F828001CD0182971
:105FF00008BF5FEA807017D0D8F80C00D9F80010FD
:10600000002847D021F019010843C9F80000FDF726
:10601000CBFE0546D9F8000040072AD4FDF7C4FEA0
:10602000401B0228F6D91EE0D9F80000400704D52D
:10603000D8F80C00002800F09681D9F80000D8F8B4
:106040000C1020F019000843C9F80000FDF7ACFE61
:10605000054600BFD9F8000040070AD4FDF7A4FEAA
:10606000401B0228F6D903270024002C00F08B8265
:106070003AE0FDF791FE41F20301884223D8D8F8B7
:106080001000D9F80410402821F47C3124D141F4C7
:10609000003023E021F00100C9F80000FDF784FE84
:1060A00005460126D9F8000010F0040086EA9004A5
:1060B00017D0FDF779FE401B0228F3D90327002CE7
:1060C00000F0618210E0D9F80400D8F8101020F038
:1060D000FE4040EA016001E041EA00300124C9F8D5
:1060E0000400002C00F04F8298F80000C00674D520
:1060F000D9F8100000F03801D9F82800082905D097
:1061000018291CD100F00300012818D1D9F800008B
:10611000C00503D5D8F81C00802859D1FDF73CFEF6
:1061200041F20301884222D8D8F82000D9F804109F
:10613000202821F0F84142D141F0804041E0D8F8D8
:106140001C000028D9F8000020D040F08000C9F8D9
:106150000000FDF729FE0546D9F80000C005DDD492
:10616000FDF722FE401B0228F6D9032731E0D9F8BB
:106170000C00D8F8201020F07C50012440EA016087
:10618000C9F80C00002C00F0FE8126E020F0800011
:10619000C9F80000FDF708FE05460126D9F8000001
:1061A00010F4807086EA10240ED0FDF7FDFD401B30
:1061B0000328F3D30327002C00F0E5810DE041EA2A
:1061C0008060C9F804000124002C00F0DC8104E0A8
:1061D00001270024002C00F0D68198F80000000769
:1061E0001CD498F80000800631D498F800004007CD
:1061F00045D4D8F82440002C00F09180D9F8100044
:1062000000F03800182840F08C80012CD9F82810B4
:10621000D9F8300040F0A9800127B4E1D8F8140083
:106220000028D9F874003ED040F00100C9F874008D
:10623000FDF7BAFD054600BFD9F874008007D0D439
:10624000FDF7B2FD401B0228F6D903279BE1D8F8E1
:1062500018000028D9F800004DD040F48050C9F84B
:106260000000FDF7A1FD0546D9F800008004BCD46C
:10627000FDF79AFD401B0228F6D9032783E1D9F8E0
:10628000000440F48070C9F80004FDF78DFD054658
:10629000D9F80004C0051AD4FDF786FD401B642818
:1062A000F6D903276FE120F00100C9F87400FDF76B
:1062B0007BFD0546032700BFD9F8740080077FF5F2
:1062C00090AFFDF771FD401B0228F5D95BE1D8F8CE
:1062D00008402CB1052C00F08280012C00F0858054
:1062E000D9F8700020F00100C9F87000D9F87000EA
:1062F00020F004007DE020F48050C9F80000FDF794
:1063000053FD0546032700BFD9F8000080047FF540
:106310006CAFFDF749FD401B0228F5D933E100279A
:1063200031E1D9F8000020F08070C9F80000FDF7D5
:106330003BFD022C05464FF0030709D1D9F80000B8
:10634000800178D5FDF730FD401B0228F6D91AE10F
:10635000D9F80000800140F1E780FDF725FD401BE2
:106360000228F5D90FE101277EE601F00302D8F8F3
:1063700028309A4240F0DA80C1F30511D8F82C2079
:10638000914240F0D7800146D8F830206FF35F216A
:10639000013A914240F0D080C0F34622D8F8341040
:1063A00001398A4240F0CA80C0F30642D8F838105A
:1063B00001398A4240F0C480C0F30660D8F83C102E
:1063C0000139884240F0BE80D9F83400D8F848102E
:1063D000C0F3CC00814240F0B7800027D3E0D9F869
:1063E000700040F00400C9F87000D9F8700040F067
:1063F0000100C9F87000FDF7D7FC002C054641F2FA
:1064000088344FF0030711D0D9F8700080073FF5AA
:10641000F0AEFDF7C9FC401BA042F5D9B3E000BFC8
:10642000FDF7C2FC401BA04200F2AD80D9F870001D
:106430008007F5D4DDE608F12807D9F8280040F2F6
:10644000F33188438ECF0843591E40EA02104FF4BF
:106450007E426FF35F21C9F8280002EB47204FF41A
:10646000FE0280B2D8F83C300844D8F8381002EB6D
:1064700001414FF0FE4201F4FE0102EB03620844C9
:1064800002F0FE410844C9F83000D9F82C004FF65C
:10649000F87120F00100C9F82C00D9F83400D8F8C0
:1064A0004820884340EAC200C9F83400D9F82C00DB
:1064B000D8F8401020F00C000843C9F82C00D9F897
:1064C0002C00D8F8441020F002000843C9F82C0032
:1064D000D9F82C0040F48030C9F82C00D9F82C00F1
:1064E00040F40030C9F82C00D9F82C0040F480208A
:1064F000C9F82C00D9F82C0040F00100C9F82C0094
:10650000D9F8000040F08070C9F80000FDF74CFC9D
:1065100004460327D9F80000800109D4FDF744FCA4
:10652000001B0228F6D92EE000272CE001272AE0E4
:10653000002728E0012726E0012724E0012722E0A8
:10654000012720E001271EE0D9F82C0020F00100EF
:10655000C9F82C00FDF728FC0546FDF725FCA842EC
:10656000FBD0D9F834004FF6F871D8F848208843AA
:10657000002740EAC200C9F83400D9F82C0040F0E6
:106580000100C9F82C00F8B201B0BDE8F0830000AA
:1065900070470000000000002DE9F0410446066845
:1065A00030697169B76894F881800A050BD510F0DD
:1065B000080208D0B06940F40060B0612046BDE830
:1065C000F04100F099BA01EA000505F064000428E2
:1065D00007D1616F20468847216F204688470120F8
:1065E00000E0002005F04501012903D1216F20467C
:1065F0008847012005F02601022903D1616F20465A
:106600008847012008B1BDE8F081280772D415F44D
:10661000587FF8D015F040000AD02068D4F88410D4
:1066200041F00401C4F88410816941F040018161A6
:10663000A8050AD52068D4F8841041F00101C4F8F7
:106640008410816941F400718161E80505F0200042
:106650000AD52168D4F8842042F00802C4F88420C6
:106660008A6942F480728A6150B12068D4F884103B
:1066700041F08001C4F88410816941F020018161FA
:10668000D4F884000028BED0206807F4404240F2CD
:106690006B33B2F5404F016821F0010101600169DF
:1066A00021EA0301016175D181684AF6B93521F407
:1066B00040418160E06FC0F6000548B10565FBF719
:1066C00007FF28B1D4F8840040F04000C4F88400EB
:1066D000A06F002897D00565FBF7FAFE002808BFD9
:1066E000BDE8F081D4F8840040F04000C4F8840094
:1066F000BDE8F0812068816941F00801816181690C
:1067000041F010018161816941F400618161016999
:1067100021F008010161806810F4404F23D0204629
:1067200004F0DEF9012084F88100D4F88400A0BBD5
:10673000B8F1030F36D0B8F1040F38D0B8F1050F17
:106740007FF461AF2046BDE8F04100F099BA00BF88
:106750002068616E006B41F8040B6166B4F86A0052
:106760000138A4F86A00B4F86A000028D7D0E068BD
:106770001028EDD2082804D3308E616E21F8020B68
:10678000EBE7206890F83000616E0870606E0130B1
:106790006066E3E7012084F881002046BDE8F0410F
:1067A000FFF7F6BE2046BDE8F04100F061BA204692
:1067B000BDE8F04100F09CB92DE9F04F81B0002810
:1067C00000F0DB8043F6000A04460068C4F2000AC9
:1067D00043F2000943F600475045C4F20109C4F2F0
:1067E000000704D0B84218BF484540F0C280E26BB1
:1067F0000123E168504503EB521201F108034FEA0F
:10680000D30303FB02F218BF484516D1102A00F249
:10681000B480A26AB2F5800F1BD1504504D0B842B3
:1068200018BF484540F0AD80256B002D08BF0D0412
:10683000B1EB154F00F2A1800CE0B84218BF082A56
:1068400000F29B80504518BF4845DFD0B842DDD0EC
:10685000DFE70D0494F8810028B9002084F8800057
:10686000204600F0D5F8022084F881002068D4F892
:1068700018800268B8F1806F22F0010202600FD127
:1068800062682AB1B2F5800F0AD1A36B23B13AB97D
:10689000A26BB2F1805F03D1026842F480520260C1
:1068A000D4F804B01BF48001009108D0E368072BF2
:1068B00005D30368266D23F48073334302E0036835
:1068C00023F480730360E669D4F828E0E76B22695B
:1068D0003743BEF5800FD4E9026343EA07036769D3
:1068E00043EA050343EA0E038360636BA16BD4F8AC
:1068F00024C043EA0C0341EA030141EA0201226A8F
:1069000041EA070141EA0201E26C41EA0201A26C9C
:1069100041EA060141EA0201A26D41EA020141EAAF
:10692000080141EA0B01C1603FD10168226C21F4EA
:106930000041012A08BF01F50041626C0160012A93
:10694000016821F4804108BF01F580415045016094
:1069500018BF48451AD1B5F5F81F20D001680222AA
:1069600021F400510160290C02FA01F1E26A11439D
:106970001AE0E1680F297FF63AAF012001B0BDE8C7
:10698000F08F206BB0F5702FF7D84DE743F600413C
:10699000C4F2000188422DD0B5F5702F2AD10168CC
:1069A00041F400510160E16A0164BBF1000F0CD1B8
:1069B000BEF1000F04D18168012262F3CC21816015
:1069C0008168022262F34A218160016D009A21F000
:1069D000010101652AB1C168626D21F000411143D6
:1069E000C1600020C4F88400012184F8811001B046
:1069F000BDE8F08F504518BF4845ACD043F6004184
:106A0000C4F200018842A6D0A8E700000000000000
:106A100070B5B8B0044602A8C0210025CDE93655AE
:106A2000CDE934553395F9F7ABFC43F200412068CA
:106A3000C4F20101884201D038B070BD4FF400505B
:106A4000029002A803951B95FEF7EEFA08B1FBF73A
:106A500053F944F2E0400026C5F60200016941F412
:106A600000510161016901F400510191019901682E
:106A700041F010010160006833A900F0100001909E
:106A8000019844203390022034900520379041F241
:106A90000000C5F60200CDE93566FDF7ADF844F615
:106AA000C0455820C2F20045C4F2020028605420BC
:106AB00068604020C5E902064FF48060C5E904061D
:106AC0004FF48030C5E908062846C5E90666FCF79C
:106AD0009FFB08B1FBF710F9542005210022A567A0
:106AE000AC63FDF725FA5420FDF712FA38B070BDFB
:106AF0007047000000000000704700000000000028
:106B0000B0B5044690F8810001280CD100294FF05F
:106B1000010000F0A9801546002A08BFB0BD94F816
:106B20008000012801D10220B0BD012084F880003E
:106B3000032284F881200022C4F88420E165A4F8AF
:106B40006050A4F862506266C4E91C22A4F8682070
:106B5000A4F86A20A268B2F5C02F226804D1106898
:106B600040F40060106003E0D36860F35243D360E8
:106B7000E068102804D3A26F9269B2F5804F16D155
:106B8000082807D3A26F9269B2F5804F18BFB2F5FB
:106B9000005F0CD107280CD8A06F8069B0F5005FAA
:106BA0000ED0B0F5804F13D1022203200AE001205D
:106BB00057E00F280CD8A06F8069B0F5804F07D13F
:106BC00001200122B4F862301844D040A4F86200D9
:106BD000A06F4AF609424AF60143C0F60002C0F629
:106BE0000003C0E90F234AF6D1332268C0F6000340
:106BF000C36400230365936823F400439360B4F8EF
:106C000062302032FCF714FE48B1D4F8840040F022
:106C10001000C4F88400012084F8810021E0A16FF5
:106C20004FF6FF72D4E9000CC9694368B1F5807F63
:106C300023EA020218BF2A44BCF5800F4260816833
:106C400041F400418160016941F4487101610168CA
:106C500041F00101016003D1016841F4007101605C
:106C60000020002184F88010B0BD0000000000006A
:106C700070470000000000007047000000000000A6
:106C80007047000000000000704700000000000096
:106C90007047000000000000704700000000000086
:106CA00010B590F83C20012A01D1022010BDCB681C
:106CB00048F2FF7ED1E901C223F47C5322F47052E2
:106CC000CFF6F07E1A430CEA0E03D1F800C042EA78
:106CD000030E2CF477230A6943EA0E0322F476228A
:106CE000D0F800E01A434B691A434EF4806322F453
:106CF000742C40F20042C4F201028C6993428A6A09
:106D000022F470224FF0010342EA0C0280F83C307A
:106D100042EA044310D140F2000C23F07C724B6A2B
:106D2000CFF6F04CCC690CEA03531A4324F00073FD
:106D3000096A1A4342EA01030021CEF8443080F880
:106D40003C10084610BD0000B0B590F83C20012A68
:106D50004FF002025CD0012380F83C3080F83D20E7
:106D600040F2004C0268C4F2010C42F480636345B7
:106D70005368D2F808E002BF23F470034C68234341
:106D800041F2FF740D68C4F2000423F07003A242C4
:106D900043EA050353600BDC40F2FF73C4F20003C7
:106DA0009A4215DCB2F1804F27D040F2004317E041
:106DB00040F2FF33C4F201039A4216DC41F60003AD
:106DC000C4F200039A4218D00023C4F2010309E080
:106DD00040F60003C4F200039A420ED040F600438E
:106DE000C4F200039A4208D00CE044F20003C4F25B
:106DF00001039A4201D0624504D12EF080038968D4
:106E0000194391600022012180F83D1080F83C2058
:106E10001046B0BD0000000060B310B5044690F805
:106E20003D0028B9002084F83C00204600F024F8FA
:106E3000022084F83D002068211D04F07DF9012026
:106E400084F8480084F83E0084F83F0084F840004D
:106E500084F8410084F8420084F8430084F8440038
:106E600084F8450084F8460084F8470084F83D0023
:106E7000002010BD0120704780B584B044F60001A9
:106E80000068C4F20101884219D040F20041C4F206
:106E9000010188422BD00021C4F20101884233D184
:106EA00044F2F040C5F60200016841F001010160C2
:106EB000006800F001000390039804B080BD44F224
:106EC000F0400022C5F60200016841F48021016013
:106ED0000068052100F48020019001987620FDF7DC
:106EE00027F8762004B0BDE88040FDF711B844F2E1
:106EF000F040C5F60200016841F00201016000683F
:106F000000F002000290029804B080BD0000000072
:106F100090F83D1001291BD1022180F83D10016835
:106F200041F2FF70C4F200008142C86840F00100E5
:106F3000C8600FDC40F2FF70C4F20000814217DC31
:106F4000B1F1804F2BD040F20040C4F2000024E0A9
:106F50000120704740F2FF30C4F20100814212DC90
:106F600041F60000C4F20000814218D0002012E077
:106F700040F60000C4F20000814210D040F600400C
:106F8000C4F2000009E044F20000C4F201008142B2
:106F900005D040F20040C4F2010081420BD107222B
:106FA0008868C0F2010202400020062A18BFB2F52C
:106FB000803F00D17047086840F001000860002061
:106FC000704700000000000080B590F83C20012AC6
:106FD0004FF0020200F0A480012380F83C3080F8DA
:106FE0003D208822D0F800C0CFF6CE72DCF8083001
:106FF0001A40CCF808200B686F2B0CDDB3F1101F82
:1070000034DAB3F5005F42DA702B00F08B80B3F511
:10701000805F7ED0CEE02F2B32DD4F2B3CDC302B3F
:107020006BD0402B40F0C680D1F804E0C968DCF892
:107030002030DCF8202022F00102CCF82020DCF8FF
:10704000182022F0F00242EA011123F00A02CCF8E3
:10705000181042EA0E01CCF820104FF68872DCF8C6
:107060000810CFF6CF721140473150E02F21C0F207
:1070700010018B4237DCB3F1101F3ED0202138E0E5
:10708000002B18BF102B38D0202B36D092E05CD0CC
:10709000B3F5801F31D08DE0502B69D0602B40F0CC
:1070A0008980D1F804E0C968DCF82030DCF82020C1
:1070B00022F01002CCF82020DCF8182022F47042D4
:1070C00042EA013123F0A002CCF8181042EA0E1176
:1070D000CCF820104FF68872DCF80810CFF6CF728B
:1070E0001140673113E03021C0F210018B4204D00F
:1070F0004021C0F210018B425CD14FF68872DCF85F
:107100000810CFF6CF721140194341F00701CCF8B7
:1071100008100022012180F83D10002180F83C1069
:10712000104680BDD1E901E3C968DCF8082043EAD4
:107130000E0322F47F4243EA01211143CCF80810E8
:10714000DCF8081041F07701E1E7D1E901E3C96813
:10715000DCF8082043EA0E0322F47F4243EA0121CF
:107160001143CCF80810DCF8081041F48041CEE758
:10717000D1F804E0C968DCF82030DCF8202022F0E7
:107180000102CCF82020DCF8182022F0F00242EABC
:10719000011123F00A02CCF8181042EA0E01CCF8D3
:1071A00020104FF68872DCF80810CFF6CF7211402D
:1071B0005731ACE70122ADE7704700000000000046
:1071C000F0B581B004460068C5680669B10716D5F8
:1071D00015F0020113D06FF0020101610121217746
:1071E0008069800703D02046FFF7E6FF05E02046D0
:1071F00000F09AF8204600F023FB0020207770076B
:1072000018D515F0040015D020686FF00401016155
:1072100002212177806910F4407F03D02046FFF7D8
:10722000CBFF05E0204600F07FF8204600F008FB89
:1072300000202077300717D515F0080014D02068FB
:107240006FF00801016104212177C069800703D034
:107250002046FFF7B1FF05E0204600F065F8204624
:1072600000F0EEFA00202077F00618D515F0100097
:1072700015D020686FF01001016108212177C069E5
:1072800010F4407F03D02046FFF796FF05E020462C
:1072900000F04AF8204600F0D3FA00202077F007EB
:1072A00018BF15F0010006D020686FF001010161E0
:1072B000204600F0A5FB05F0800716F4025F18BF1A
:1072C000002F02D1F00509D410E020686FF40251BC
:1072D00001612046FFF7DCFCF00507D537B12068D7
:1072E0006FF4807101612046FFF7CEFC700609D56E
:1072F00015F0400006D020686FF040010161204683
:1073000000F096FBB0060CD515F0200009D02068DF
:107310006FF020010161204601B0BDE8F040FFF7A9
:10732000BBBC01B0F0BD00007047000000000000D1
:107330002DE9F04190F83C30012B02D10220BDE84C
:10734000F0814FEAB2030122052B80F83C2000F2C5
:107350003B82DFE803F0032D6BA9CFF5036843F60A
:10736000FF76C4F201061C6AB3421A6A24F00204D2
:1073700022F001021A621A46D3F804E052F818CF3C
:107380008D6844EA0504D1F8008040F3FF8044F2A0
:107390000007C4F20107BB4200F0038144F6000776
:1073A000C4F20107BB4200F0FC8044F20047F4E065
:1073B000036840F2004E43F48067C4F2010E1C6A79
:1073C00077451A6A24F0200422F010021A621A4645
:1073D0005D6852F818CF8E6844EA061407D1CE686B
:1073E0006FF0400724F0C00407EA0616344343F662
:1073F000FF76D1F80080C4F20106B34240F3EB807F
:1074000044F20007C4F20107BB4200F0EB8044F6EF
:107410000007C4F20107BB4200F0E48044F20047D9
:10742000C4F20107BB4200F0DD80E2E0036840F2F5
:10743000004E43F48067C4F2010E1C6A77451A6A55
:1074400024F4007422F480721A621A465D6852F8BD
:107450001CCF8E6844EA062407D1CE6840F2FF476D
:10746000360224F44064BE43344343F6FF76D1F839
:107470000080C4F20106B34240F3D28044F2000718
:10748000C4F20107BB4200F0D28044F60007C4F208
:107490000107BB4200F0CB8044F20047C4F2010771
:1074A000BB4200F0C480C9E0036843F6FF77C4F232
:1074B0000107D3F820C0BB421A6A22F480521A6234
:1074C0001A465C6852F81C6F0D68D1F808E040F36A
:1074D000CC8044F20007C4F20107BB4200F0D08028
:1074E00044F60007C4F20107BB4200F0C98044F231
:1074F0000047C1E0036843F6FF77C4F20107D3F801
:1075000020C0BB421A6A22F480321A621A465C68B2
:1075100052F8546F0D68D1F808E040F3D08044F27F
:107520000007C4F20107BB4200F0D48044F6000714
:10753000C4F20107BB4200F0CD8044F20047C5E031
:10754000036843F6FF77C4F20107D3F820C0BB42BB
:107550001A6A22F480121A621A465C6852F8546F52
:107560000D68D1F808E040F3D58044F20007C4F27A
:107570000107BB4200F0D98044F60007C4F20107BE
:10758000BB4200F0D28044F20047CAE00027C4F2B8
:107590000107BB4205D040F20047C4F20107BB42DD
:1075A00005D1CF6824F00C0427F004073C43B34214
:1075B00040F3DD8044F20006C4F20106B34200F05D
:1075C000E18044F60006C4F20106B34200F0DA801E
:1075D00044F20046D2E00027C4F20107BB4201D0CA
:1075E000734506D1D1E90576374325F4406646EA6E
:1075F000870548F6FF475D60CFF6FF6707EA0C078F
:1076000047EA08279F614F6809699F631C629F6969
:1076100047F400679F619F6927F480679F61A4E03A
:107620000027C4F20107BB4201D0734506D1D1E95E
:107630000576374325F4405646EA07154FF68C7712
:107640005D60CFF6FE7707EA0C0747EA0807DF61BF
:107650004F680969DF631C62DF6947F00807DF6173
:10766000DF6927F00407DF61AAE00027C4F2010701
:10767000BB4205D040F20047C4F20107BB4204D12F
:107680004F6924F4804444EA871448F6FF475C605D
:10769000CFF6FF673E402CF4005746EA0524DC6134
:1076A0004E6809691E6447EA0E371F62DF6947F4B6
:1076B0000067DF61DF6927F48067DF6155E000273D
:1076C000C4F20107BB4205D040F20047C4F20107F3
:1076D000BB4204D14F6924F4803444EA07244FF6B6
:1076E0008C775C60CFF6FE7703373E402CF4003792
:1076F00046EA05045C654E6809699E6547EA0E47DF
:107700001F625F6D47F008075F655F6D27F0040734
:107710005F6555E00027C4F20107BB4205D040F287
:107720000047C4F20107BB4204D14F6924F480240E
:1077300044EA872448F6FF475C60CFF6FF6707F509
:1077400040773E402CF4001746EA05245C654E68FD
:107750000969DE6547EA0E571F625F6D47F40067EF
:107760005F655F6D27F480675F65090228E000268A
:10777000C4F20106B34205D040F20046C4F201064D
:10778000B34206D12EF44077D1E90565374347EA85
:10779000050E4FF68C75C3F804E0CFF6FE750CEAC3
:1077A000050747EA08079F614F6809695F631C6224
:1077B0009F6947F008079F619F6927F004079F6151
:1077C0001368194311600022002180F83C10104614
:1077D000BDE8F0810000000060B310B5044690F8E9
:1077E0003D0028B9002084F83C00204600F024F831
:1077F000022084F83D002068211D03F09DFC01203B
:1078000084F8480084F83E0084F83F0084F8400083
:1078100084F8410084F8420084F8430084F844006E
:1078200084F8450084F8460084F8470084F83D0059
:10783000002010BD012070477047000000000000CC
:10784000704700000000000059B10A1F4FEAB20261
:10785000032A09D8DFE802F0020B0E1100F13F0203
:107860000DE000F13E020AE000F1430207E000F102
:10787000400204E000F1410201E000F1420212780E
:10788000012A0DD171B10A1F4FEAB202032A0DD8A5
:10789000DFE802F002101418022280F83F2014E002
:1078A00001207047022280F83E200EE0022280F87C
:1078B00043200AE0022280F8402006E0022280F8FD
:1078C000412002E0022280F84220026801F01F00FD
:1078D000012101FA00F0116A814311624FF6FF7134
:1078E000C4F200018A42116A40EA0100106216DC0B
:1078F00040F2FF70C4F20000824240DD40F600001A
:10790000C4F20000824267D040F60040C4F200009A
:10791000824261D041F60000C4F200005AE043F612
:10792000FF70C4F2010082420EDD44F20000C4F296
:107930000100824213D044F60000C4F201008242EA
:107940000DD044F2004006E00020C4F20100824263
:1079500005D040F20040C4F20100824248D141F219
:10796000FF70516CC4F20000824241F40040506448
:107970000DDC40F2FF70C4F20000824215DCB2F16F
:10798000804F29D040F20040C4F2000022E040F2D3
:10799000FF30C4F20100824212DC41F60000C4F262
:1079A0000000824218D0002012E040F60000C4F22D
:1079B0000000824210D040F60040C4F2000009E00E
:1079C00044F20000C4F20100824205D040F20040BF
:1079D000C4F2010082420BD107219068C0F201017C
:1079E00001400020062918BFB1F5803F00D1704743
:1079F000106840F001001060002070470000000097
:107A000044F200410068C4F2010188420ED044F6FD
:107A10000001C4F20101884218BF704740F29C1077
:107A2000C2F200400168013101607047FCF7C4B93F
:107A3000704700000000000090F88410012901D177
:107A4000022070472421C0F888100268136811686A
:107A500023F0005321F00101116000214166136001
:107A60002022C0F8882080F8841008467047000063
:107A700010B50446D0F88C00202805D1012000293B
:107A800018BF002A02D110BD022010BD0120E066FF
:107A900000202067204604F0A3FA002818BF10BD7C
:107AA000E16E01290DD1216810220A62216851E896
:107AB000001F226841F0100142E80013002BF5D1AD
:107AC000E1E7012010BD0000B0B50446D0F88C00FD
:107AD000202806D10125002918BF002A03D12846F5
:107AE000B0BD0220B0BD0125E5660020206720461C
:107AF00004F0CAFAE06E0128F1D120681021016279
:107B0000206850E8000F216840F0100041E80002B2
:107B1000002AF5D100252846B0BD00000000000075
:107B20002DE9F04389B044F200480546C4F200084C
:107B3000006808F560528946904213D144F2E8701B
:107B400005AEC2F2004084A101AA3346F8F744FC16
:107B500044F2E4700022C2F2004000233146006883
:107B600007F046FE286808F55041884216D17DA0EE
:107B70000CF0ACFF40F6342645F2F800C2F20046A5
:107B8000C2F200404FF47A7331464A4600F0E4FEF8
:107B900076A00CF09BFF304608F04AFF286808F5F5
:107BA0004C4188421DD1B9F1310F0CD845F2F80093
:107BB00040F2A011C2F20040C2F200414FF47A73C9
:107BC0004A4600F0C9FE40F2A0104946C2F2004009
:107BD00008F00AF840F6A410C2F20040006807F06E
:107BE000EBFE40F600412868C5F6000188421ED130
:107BF00045F2F80645F6B037C2F20046C2F2004739
:107C00004FF47A73304639464A4600F0A5FE45F6F1
:107C1000F0104FF47A73C2F2004039464A4600F041
:107C20009BFE4FF4806230463946FFF74DFF2868CF
:107C300040452BD146F230011E20C2F2004100BF68
:107C40000A5C12B90138FBD80020002812D446F291
:107C5000300643F26874471CC2F20046C2F2004488
:107C6000206800220023314607F0C2FD013F06F1E3
:107C70000106F5D145F6C80046F23001C2F20040D7
:107C8000C2F200414FF48072FFF7F2FE286808F557
:107C90000061884202D009B0BDE8F08345F6B075B6
:107CA00041F25020C2F20045C2F2004049462A4645
:107CB00007F012FFD5E90401CDE90601294640F697
:107CC000D8162C46C2F2004651F80C0F059040F22F
:107CD0009C10C2F20040D5E90A230068089054F8CD
:107CE000247F0393CDE901720490306800220023C1
:107CF00007F07EFD306800220023214607F078FD62
:107D000045F6E0700022C2F20040002329460068D8
:107D100007F06EFD41F2543005A9C2F20040002286
:107D20000023006807F064FD41F2583005F11801A6
:107D3000C2F2004000220023006807F059FD41F222
:107D40005C3001A9C2F2004000220023006807F065
:107D50004FFD09B0BDE8F083543D2566443D2566DE
:107D600000000000626567696E0D0000456E640DDD
:107D7000000000000000000070470000000000004C
:107D800070B590F88420012A01D1022070BD012332
:107D900080F884302422C0F888200268D0F864E09B
:107DA000BEF1000FD2F800C0146824F00104146082
:107DB000946824F0606441EA040191601BD09168EA
:107DC00045F2502EC0F6010E45F25824C1F342612F
:107DD000C0F6010493681EF801505E0F615C2B0130
:107DE000B3FBF1F31EF80610A65D0901B1FBF6F135
:107DF000A0F86A1001E0A0F86A30A0F868302021ED
:107E0000C2F800C0C0F88810002180F8841008462D
:107E100070BD00000000000070B590F88420012AB9
:107E200001D1022070BD012380F884302422C0F8E3
:107E300088200268D0F864E0BEF1000FD2F800C0DC
:107E4000146824F001041460946824F0604441EA4A
:107E5000040191601BD0916845F2502EC0F6010ECE
:107E600045F25824C1F34261C0F6010493681EF83C
:107E700001505E0F615C2B01B3FBF1F31EF806109D
:107E8000A65D0901B1FBF6F1A0F86A1001E0A0F8C7
:107E90006A30A0F868302021C2F800C0C0F888100D
:107EA000002180F88410084670BD0000000000002A
:107EB0007047000000000000704700000000000054
:107EC000704700000000000070B50368044640F6EB
:107ED0002F00D9690840202818689E6805D100F055
:107EE000200206F0805552192AD140F60F020A40AE
:107EF0000DD0012240F22015C1F20002C0F200456F
:107F000006EA020C00EA050212EB0C0220D1E26E36
:107F1000012A06D111F0100218BF10F0100240F033
:107F2000F380CA0240F1CD8016F4800200F0C980CF
:107F30004FF4801018622046BDE87040FFF7BCBFC8
:107F4000616F002900F000822046BDE870400847BC
:107F5000CA0718BF10F4807207D001221A62D4F841
:107F6000902042F00102C4F890208A0706F0010E2A
:107F70000AD5BEF1000F07D002221A62D4F8902071
:107F800042F00402C4F890204A070AD5BEF1000F5F
:107F900007D004221A62D4F8902042F00202C4F8FA
:107FA00090200A070CD500F0200252EA0C0207D0FC
:107FB00008221A62D4F8902042F00802C4F89020F7
:107FC0000A050BD510F0806208D04FF400621A62E7
:107FD000D4F8902042F02002C4F89020D4F89020E9
:107FE000002A00F0B18111F0200109D000F020003A
:107FF00006F08051401803D0616F09B120468847D0
:108000002068D4F89010806801F0280100F040004A
:10801000401807D12046FFF753FF0020C4F8900016
:1080200092E100BF206850E8000F216820F49070B2
:1080300041E80002002AF5D14FF6FE70CEF6FF703F
:10804000216851E8021F2268014042E80213002B18
:10805000F6D1E06E012809D1206850E8000F2168B0
:1080600020F0100041E80002002AF5D12020C4F8D9
:108070008C000020E066216860678868400640F157
:10808000A38000BF206850E8020F216820F0400064
:1080900041E80202002AF5D1D4F88000002800F05F
:1080A00093804BF23141C0F600010165FAF710FAF6
:1080B000002800F04981D4F88000016DBDE87040CF
:1080C00008470A0606D500F0800206F40003D2181D
:1080D00040F07F804A066DD510F040026AD000BFA4
:1080E000206850E8000F216820F0400041E80002BD
:1080F000002AF5D12020C4F888000020A06720467F
:10810000BDE8704000F04CBD102018629868400631
:1081100036D4B4F85C00B4F85E10B4F85E20002ADF
:1081200018BF884200F01081401A00BF216851E852
:10813000001F226821F4907142E80013002BF5D152
:108140004FF6FE71CEF6FF71226852E8022F2368C7
:108150000A4043E80226002EF6D12021C4F88C10F4
:108160000021E166616700BF216851E8001F2268B5
:1081700021F0100142E80013002BF5D181B2DCE0C0
:10818000D4F8800040F20F42C4F20202016891422A
:1081900024DC6F22C4F20202914240DC3F22C4F28E
:1081A0000202914256DC1022C4F20202914273D0C4
:1081B00028226EE00A0226D510F0804223D0204605
:1081C000BDE87040FFF774BE2046BDE87040FFF781
:1081D00077BEA16F00297FF4B7AEB5E040F26F42E1
:1081E000C4F20202914226DC40F23F42C4F2020293
:1081F000914236DC40F21042C4F2020291424BD06E
:1082000040F2284245E0C90140F19E80B0F1FF3FB5
:10821000C8BF70BD2046BDE87040FFF7ADBD9F22CE
:10822000C4F20202914225DC7022C4F202029142A1
:1082300032D088222DE040F29F42C4F202029142E5
:108240001FDC40F27042C4F20202914224D040F29C
:1082500088421EE04022C4F2020291421CD0582201
:1082600017E040F24042C4F20202914214D040F2C0
:1082700058420EE0A022C4F2020291420CD0B82271
:1082800007E040F2B842C4F20202914204D040F248
:10829000A042C4F20202914249688AB2002A44D044
:1082A000B4F85C309A4240D2A4F85E10C069B0F5D0
:1082B000807F31D0206850E8000F216820F4807062
:1082C00041E80002002AF5D1206850E8020F216839
:1082D00020F0010041E80202002AF5D1206850E8B0
:1082E000020F216820F0400041E80202002AF5D187
:1082F0002020C4F88C000020E06600BF206850E811
:10830000000F216820F0100041E80002002AF5D19A
:10831000D4F88000F9F764FE02202067B4F85C000E
:10832000B4F85E10401A81B209E0B4F85C109142D2
:108330000AD1C069B0F5807F06D1022020672046AF
:10834000BDE87040FFF7ECBB70BD0000000000000E
:1083500010B5E0B10446D0F8880028B9002084F8B0
:108360008400204600F028F82420C4F88800206803
:10837000A16A0268002922F00101016002D02046B2
:1083800002F08AFF204603F0CFFB012801D1012033
:1083900010BD2068416821F490414160816821F05E
:1083A0002A018160016841F0010101602046BDE8B9
:1083B000104002F0E1BF00002DE9F04FB7B00021FE
:1083C0000446CDE93511CDE93311329102A8C0211F
:1083D000F7F7D6FF47F6FF312068C4F20001884264
:1083E00067DD41F2FF31C4F20101884200F3FB80F6
:1083F00047F60041C4F20001884200F0388141F2A2
:108400000001C4F20101884240F09B8201200290E9
:1084100002A8002603962196FCF706FE08B1F9F79C
:108420006BFC44F2E040C5F60200016941F0100126
:108430000161016901F0100101910199016841F0A8
:1084400001010160006832A900F00100019001986B
:108450004FF4C06032900220CDE9330607203690F9
:1084600000203596C5F60200FBF7C6FB44F6A06572
:108470001020C2F20045C4F20200783028602920A2
:10848000C5E901064FF48060EE60C5E904062846A0
:10849000C5E90666C5E90866FAF7BAFE08B1F9F754
:1084A0002BFCC4F880502520AC6308210022252431
:1084B00042E244F20041C4F20001884200F0298106
:1084C00044F60001C4F20001884200F08F8144F6B6
:1084D0000041C4F20001884240F0338202A8002724
:1084E00003974FF00208CDF808802097FCF79CFD19
:1084F00008B1F9F701FC44F2E0400025C5F602009E
:10850000C5F6020532AE40F210098168C4F20209D4
:1085100041F40021816081684FF0080B01F40021D3
:1085200001910199016841F001010160016801F0C8
:10853000010101910199016841F0040101600068A5
:10854000314600F00400019001982846CDE93288B8
:1085500034973597CDF8D8B0FBF74EFB05F50060A2
:1085600031464FF4806ACDF8D8B0CDE932A8CDE9D4
:108570003477FBF741FB44F638553F20C2F2004503
:10858000C5E901072846C5F80090C5E9037AC5E9A1
:108590000577C5E907776F62FAF73AFE08B1F9F790
:1085A000ABFBC4F8805009F11800AC6344F6B05539
:1085B000C2F2004528604020C5E901000020686241
:1085C000C5E9030AC5E90500C5E907002846FAF729
:1085D0001FFE08B1F9F790FBE5673420AC630A2170
:1085E00000223424A8E141F20041C4F20101884292
:1085F00000F04F8140F60041C5F60001884240F08E
:10860000A0810420029002A8002403942794FCF780
:108610000BFD08B1F9F770FB44F2E040C5F602002B
:10862000416941F008014161416901F0080101918E
:108630000199016841F0020101600068002100F029
:1086400002000190C5F602010198C020329002207C
:108650003594CDE933040820369001F5806032A9C5
:10866000FBF7CAFA8E20052100228E2464E102A8BD
:1086700000260396022502952096FCF7D5FC08B14A
:10868000F9F73AFB44F2E040C5F60200816841F098
:1086900000418160816801F0004101910199016808
:1086A00041F010010160006832A900F01000019053
:1086B0000198032061C100210820C5F6020136900F
:1086C00001F5805032A93596FBF796FA44F62865F5
:1086D0001020C2F20045C4F2020030302860512060
:1086E000C5E901064FF48060EE60C5E9040628463E
:1086F000C5E90666C5E90866FAF78AFD08B1F9F723
:10870000FBFAC4F880505320AC63062100225324A6
:1087100012E102A800260396022502952096FCF796
:1087200083FC08B1F9F7E8FA44F2E04040F210089F
:10873000C5F60200C4F20208816841F4003181608C
:10874000816801F4003101910199016841F0010152
:108750000160006832A900F00100019001980C202E
:1087600061C107203690002032A9C5F60200359677
:10877000FBF742FA44F6187508F19000C2F2004582
:108780004FF4806728602B20C5E901062846EE607B
:10879000C5E90476C5E90666C5E90866FAF738FD55
:1087A00008B1F9F7A9FAC4F8805008F58060AC6305
:1087B00044F69075C2F2004528602C206860402085
:1087C000A8600020C5E90307C5E90500C5E9070061
:1087D00068622846FAF71CFD08B1F9F78DFAE567DB
:1087E0002620AC630B2100222624A5E002A8002647
:1087F0000396022502952096FCF716FC08B1F9F7BE
:108800007BFA44F2E040C5F60200816841F4802121
:108810008160816801F4802101910199016841F032
:1088200002010160006832A900F002000190019885
:108830004FF4406061C100210720C5F60201369067
:1088400001F5806032A93596FBF7D6F945F20805A7
:108850001020C2F20045C4F20200603028602E20D1
:1088600068604020C5E902064FF48060C5E904064F
:108870002846C5E90666C5E90866FAF7C9FC08B1E5
:10888000F9F73AFAE5672720AC630521002227248F
:1088900052E00120029002A8002603962196FCF7E0
:1088A000C3FB08B1F9F728FA44F2E040C5F602002C
:1088B000016941F020010161016901F0200101918C
:1088C0000199016841F0040101600068002100F095
:1088D00004000190C5F602010198C02032900220E8
:1088E0003596CDE933060720369001F5006032A9B0
:1088F000FBF782F945F280051020C2F20045C4F270
:108900000200A83028604720C5E901064FF48060C6
:10891000EE60C5E904062846C5E90666C5E90866AD
:10892000FAF776FC08B1F9F7E7F9C4F88050472068
:10893000AC63072100224724FBF7FAFA2046FBF735
:10894000E7FA37B0BDE8F08F704700000000000084
:1089500070470000000000002DE9F04381B004469C
:10896000D0F8880020281FD1884600294FF0010048
:108970006CD01646002A69D01D460020C4F890002D
:108980002120C4F88800FBF70FFAA4F85460A4F87B
:1089900056600646A168B1F5805F01D1206938B103
:1089A000C1464FF0000805E0022001B0BDE8F083A9
:1089B0004FF00009B4F8560058B36F1C0EE0B9F13F
:1089C000000F1DD0206819F8011B8162B4F8560011
:1089D0000138A4F85600B4F85600D0B12068C06938
:1089E0000006ECD4002FF9D0FBF7DEF901464FF07A
:1089F000030045B3891BA94225D820680068EDE72C
:108A000038F8020B21684FF000096FF35F2088628D
:108A1000DCE72068C069400614D46F1C04E000BF86
:108A20002068C06940060DD4002FF9D0FBF7BCF9CF
:108A300001464FF0030035B1891BA94203D82068D5
:108A40000068EDE700202021C4F8881001B0BDE8DF
:108A5000F083000000000000B0B50446D0F88800A4
:108A6000202831D100294FF001003ED0002A1346C2
:108A700008BFB0BD21650025A4F854302120A4F81A
:108A80005630C4F89050C4F88800E06FF0B14BF253
:108A900041424BF2B15CC0F60002C26422684BF264
:108AA000F15E2832C0F6000CC0F6000E0565C0E984
:108AB0000FCEFAF7BDFE48B11020C4F89000202078
:108AC000C4F888000120B0BD0220B0BD206840215C
:108AD000016200BF206850E8020F216840F080006A
:108AE00041E80202002AF5D10020B0BD00000000DC
:108AF000D0F88830202B06D10123002918BF002A86
:108B000003D1184670470220704701650021A0F884
:108B10005420A0F856208167C0F890102121C0F899
:108B20008810416EB1F1005F816809D1B1F5805FB5
:108B300001D1016971B14CF2D121C0F600010DE003
:108B4000B1F5805F01D10169B1B14CF27921C0F674
:108B5000000115E04CF20121C0F60001816700BF61
:108B6000016851E8021F026841F4000142E8021363
:108B7000002BF5D1002070474CF2A911C0F600017E
:108B8000816700BF016851E8001F026841F0800161
:108B900042E80013002BF5D100231846704700006F
:108BA00044F200410068C4F20001884218BF7047D7
:108BB00040F6C410C2F20040006806F0FDBE00009E
:108BC0007047000000000000FEE700000000000009
:108BD000642006F031FD45F6F01041F25021C2F25A
:108BE0000040C2F200414FF48072FEF741FF45F6AB
:108BF000E07A40F6E41B41F2543640F28C1741F221
:108C0000583840F6F01441F25C3941F24025C2F286
:108C1000004AC2F2004BC2F20046C2F20047C2F262
:108C20000048C2F20044C2F20049C2F2004500BF4F
:108C3000DAF8000000224FF0FF33594606F044FDF9
:108C4000306800224FF0FF33394606F03DFDD8F87A
:108C5000000000224FF0FF33214606F035FDD9F821
:108C6000000000224FF0FF33294606F02DFD45F6A7
:108C7000F01041F250214FF48072C2F20040C2F273
:108C80000041FEF7F5FED3E740380F214FF07E524A
:108C9000013940F8402FFBD1704700000000000070
:108CA000B0B52DED068B41F28434C2F2004420466B
:108CB00006F036F994ED010A94ED002A94ED023A9B
:108CC000B7EEC00AB7EEC22A41F29035B7EEC33A0A
:108CD000C2F200459FED801B4CF67C304FF63441CC
:108CE00020EE010BCFF62B4022EE012BC5F8F80049
:108CF00023EE011B42F242309FED794BC3F6E37144
:108D0000CBF6862080EE040BC5F8FC104CF2EA117D
:108D1000C5F8000182EE042B002081EE041BC4F292
:108D20000001C4F2201005F13004C5E941104AF6F3
:108D30002E5040F2C571C3F62200C3F2D231C5E90C
:108D40000000C5E902014AF2F3502961C3F208604C
:108D500069614FF07E512862C5E90600696205F13C
:108D60003C00B7EEC00BA962B7EEC22BE962B7EECA
:108D7000C11B214685ED0C0A85ED0D2A85ED0E1AE5
:108D8000F8F7C2FF41F26030E96BC2F200400160C7
:108D9000296C4160696C8160A96CC160E96C0161FA
:108DA000296D4161696D8161A96DC161E96D0162E2
:108DB0002046F9F799F805F1600041F6A751C3F68E
:108DC0001371C5F8DC1080EC080B4DF6653049F2E4
:108DD000D20195ED3E0BCDF25710C5F8D8004AF2FE
:108DE00032500024C5E92044C5E92244C5E92444A1
:108DF000C4F6C220C3F6A751C5F8E000C5F8E410D8
:108E00000BF0C6F8B7EE008B20EE001B9FED362B63
:108E1000B0EE480BA1EE020BB7EE081B0AF054FCB3
:108E20009FED331B81EE000BB7EEC01B95ED380AAA
:108E300085ED3A1AB7EEC09A95ED390AB7EEC0AA99
:108E400095ED3E0B0BF0A4F820EE000B2AEE4A2B1A
:108E5000B0EE481BA2EE001BB1EEC10BB4EE400B0E
:108E6000F1EE10FA31D689EE000BB7EEC01B95ED8E
:108E70003E0B85ED3B1A0BF08BF820EE000B9FEDBF
:108E80001E1BA0EE018B95ED3E0B30EE000B0BF0A0
:108E90007FF820EE000B42F648709FED191BC5E9E4
:108EA0002644A0EE018BC2F200409FED170B28EE86
:108EB000000BB7EEC00B85ED3C0A85ED280ABDEC32
:108EC000068BBDE8B040FFF7DFBEB0EE410B0BF004
:108ED000B7F8C8E700BF00BF44174154FB21094061
:108EE000000000000080664000113BFA906B7BBFE1
:108EF00048D7E5D4F32A584151E97129F8B7753FAD
:108F0000662F1D6B2D69D8BE9D8026C2868F23409B
:108F10002DE9F04F81B02DED0C8BB0B0044691EDF2
:108F2000001A91ED012A91ED023A54F83C0F271DE9
:108F3000009094ED2BAA89CF019020690293636978
:108F40000490E0690593236ACDE9070340F200101D
:108F500094ED2C9AC2F2004004F1440B94ED2F8B57
:108F600090ED000A039720EE011AA76920EE022A6D
:108F70008DED2E1A20EE031A8DED2D2A8DED2F1A70
:108F800092ED001A92ED012A92ED023A20EE022AA9
:108F9000069720EE011A074620EE030A94ED11CA47
:108FA0008DED2C0A94ED12DAB0EE480B94ED27BB50
:108FB0008DED2A2A8DED2B1A0AF02EFB2BEE000BDD
:108FC00000202590B7EEC00B8DED240AB0EE480BC3
:108FD0000AF0DEFF2BEE400BB1EE4C2AB1EE4D1A3B
:108FE000B7EEC00B8DED260A82EE0A0A8DED280A37
:108FF0008DEE093AB0EE480BB7EEC1BA8DED273AC7
:109000000BF06EF820EE0B0B09AEB7EEC91AE9466D
:109010003046494680EE010BB7EEC00B8DED290AB4
:1090200007F036FF24AD0DF19C0A28465146F8F7AB
:1090300077F821A821A980EC030A304606F0D8F879
:109040001EA880EC030A97ED000A1EA801F0F0F8B4
:109050001BA82DAF1BA980EC030A384601F064FF62
:109060002DA80DF1A808414680EC030A384605F00A
:10907000F7FE18A818AE80EC030AB6EE000A3046D8
:1090800001F0D6F818A8414680EC030A3046F8F7FC
:1090900047F818A8314680EC030A484606F0A8F8BD
:1090A00015A880EC030AB0EE000A284601F0C0F8CB
:1090B00012A812AD514680EC030A2846F8F730F8A2
:1090C00012A8594680EC030A284605F0C9FE12A8EA
:1090D000294680EC030A04F15C0001F025FF40F210
:1090E000001612A8C2F2004680EC030A96ED000AB0
:1090F000284601F09DF812A815A980EC030A28461D
:10910000F8F70EF812A8594680EC030A2846F8F73B
:1091100007F896ED002A94ED143A84ED110AA2EEB8
:10912000003A94ED150A94ED164AA2EE200A04F1D5
:109130002400A2EE014AC4ED120A84ED131A4FF086
:10914000FF3184ED143A84ED150A90EC080B384693
:1091500084ED164A01F068FA04F12400A4F10C052C
:1091600080EC080B01F000FAA4F10C00294680EC19
:10917000030A2046F8F7C8FD96ED000A9DED2A1A6D
:109180009DED2B2A9DED2C3A81EE001ADDE9270199
:10919000A0662998E1662499206725986167269939
:1091A000A0672198E1672299C4F880002398C4E958
:1091B00021108DED2A1A82EE001A83EE000A48462D
:1091C00041468DED2B1A8DED2C0A06F011F804F1B5
:1091D0008C0080EC030A30B0BDEC0C8B01B0BDE814
:1091E000F08F0000000000002DE9F04190B00AA9C6
:1091F00044F61D72A1F10C0E4FF08041099149F621
:109200009A1141F2A44845F62940C3F2A842C3F698
:109210009961CDE9072207AA46F26663CDE90411F8
:109220004CF6CD41C2F200484AF6AB2641F29035E9
:10923000C3F68F40C3F64C71CDE90D004FF07C5062
:109240000F904CF6CD400691C4F21603A2F118011E
:10925000CDE901334FF07F52039208F178020023E9
:10926000CAF6AA260DF1340CC2F200450027C3F657
:10927000CC500A90CDE90B0009E020EE000A82ED07
:10928000000A043301373C2B02F140021CD0A7FB3B
:1092900006404408042CF4D8DFE804F0080D12045A
:1092A000040000BFE81810ED090AE6E70CEB030024
:1092B00090ED000AE1E70EEB030090ED000ADCE719
:1092C000C81890ED000AD8E708F5F06405F1180019
:1092D0000021224606E000BF01314032062900F19C
:1092E00004000DD0A1FB06377B08012B18BF002B13
:1092F000F2D190ED000A20EE000A82ED000AEBE7C1
:1093000040F20010C2F2004090ED000A204600F04A
:1093100077FF08F604304FF461722146F7F717F82B
:1093200001A808F68861A0F10C02002304A8002718
:109330000DE000BFD51895ED000A20EE000A81ED82
:10934000000A04330137182B01F11C0108D0A7FBD8
:1093500006546508012DEDD0002DF2D1C518EAE7BD
:1093600008F6247100224FF07E5300BF052A02F157
:10937000010298BF0B60062A01F14001F6D141F6C7
:10938000D401002241444FF07E5300BF013241F826
:10939000403F032AFAD141F6AC110022414400BFFC
:1093A000831804320C2A93ED000A01F1100320EE19
:1093B000000A81ED040A1946F2D110B0BDE8F0812F
:1093C00045F2F800C2F20040FEF77EBD000000004A
:1093D00080B582B044F2D8400022C5F60200016890
:1093E00041F001010160016801F001010191019961
:1093F000016841F00201016000680A2100F00200EA
:10940000009000980B20FAF793FD0B20FAF780FDEF
:109410000C200A210022FAF78BFD0C20FAF778FDC8
:109420000D2006210022FAF783FD0D20FAF770FDCA
:109430000E2005210022FAF77BFD0E20FAF768FDC9
:109440000F2005210022FAF773FD0F20FAF760FDC7
:10945000102008210022FAF76BFD1020FAF758FDC2
:10946000112005210022FAF763FD1120FAF750FDC3
:109470002F2007210022FAF75BFD2F20FAF748FD85
:1094800038200B210022FAF753FD382002B0BDE846
:109490008040FAF73DBD000080B545F294520120AE
:1094A000C0F60102002106F023FA46F29C1144F6B0
:1094B0008072C2F20141C0F6010208600120002161
:1094C00006F016FA40F6A81144F62872C2F20041DE
:1094D000C0F6010208600120002106F009FA40F6FA
:1094E000A41145F24802C2F20041C0F60102086030
:1094F0000120012106F0FCF940F6D41144F6D8729F
:10950000C2F20041C0F6010208600120002106F00D
:10951000EFF940F6C41145F27C52C2F20041C0F6A8
:10952000010208604FF48060012106F011F946F253
:10953000981145F2EC52C2F20141C0F601020860F6
:109540004FF47A70202106F003F946F2A81145F293
:109550007812C2F20141C0F6010208604FF4806047
:10956000012106F0F5F843F2687145F2D812C2F213
:109570000041C0F6010208606420202106F0E8F8EE
:1095800043F26C7144F63872C2F20041C0F6010237
:10959000086001200C2106F0DBF840F6AC1144F61F
:1095A0005072C2F20041C0F60102086001200C2195
:1095B00006F0CEF840F6B01145F23002C2F200419A
:1095C000C0F60102086002200C2106F0C1F840F646
:1095D000D81145F25802C2F20041C0F601020860FB
:1095E0000220102106F0B4F840F6DC1145F29C325E
:1095F000C2F20041C0F60102086001200C2106F011
:10960000A7F845F6E07145F28422C2F20041C0F6A7
:10961000010208600120042106F09AF844F2E47186
:1096200045F23822C2F20041C0F6010208600A2069
:10963000202106F08DF844F2907144F6A872C2F22F
:109640000041C0F6010208600120202106F080F8E8
:1096500040F6BC1144F6C072C2F20041C0F60102ED
:1096600008600120202106F073F840F6C01144F68E
:109670009072C2F20041C0F60102086001200C2184
:1096800006F066F840F6B81144F66872C2F200417E
:10969000C0F6010208600120042106F059F840F6E6
:1096A000B41145F29402C2F20041C0F60102086012
:1096B0000120182106F04CF840F6FC1145F2F402A6
:1096C000C2F20041C0F6010208600120102106F03C
:1096D0003FF841F2543145F20C12C2F20041C0F69B
:1096E0000102086001200C2106F032F841F25831E5
:1096F00045F22412C2F20041C0F6010208600120C6
:10970000102106F025F841F25C3145F26022C2F2E8
:109710000041C0F6010208604AF65940C0F6000058
:10972000002106F079F944F2E07145F2D002C2F26C
:109730000041C0F60102086048F6D130C0F60000D2
:10974000002106F069F941F2503145F21422C2F2CB
:109750000041C0F6010208604EF61930C0F6000064
:10976000002106F059F944F28C7145F2C852C2F258
:109770000041C0F60102086041F2F100C0F60100AC
:10978000002106F049F946F2A41144F6E872C2F24B
:109790000141C0F60102086041F6B920C0F60000A0
:1097A000002106F039F940F6CC1145F2A452C2F27C
:1097B0000041C0F60102086040F6C170C0F6010029
:1097C000002106F029F946F2A01145F2F012C2F28A
:1097D0000141C0F6010208604EF6F120C0F600001B
:1097E000002106F019F944F2887145F2B432C2F250
:1097F0000041C0F60102086040F65910C0F60100B1
:10980000002106F009F946F2887144F60472C2F2AA
:109810000041C0F60102086041F60130C0F60000C8
:10982000002106F0F9F840F6A01145F2AC02C2F2B0
:109830000041C0F60102086041F69970C0F60000D0
:10984000002106F0E9F840F6002145F23C12C2F290
:109850000041C0F6010208604EF67970C0F60000C3
:10986000002106F0D9F842F6447145F2B412C2F272
:109870000041C0F6010208604EF2D940C0F6000077
:10988000002106F0C9F843F2747145F29012C2F259
:109890000041C0F6010208604EF27130C0F60000CF
:1098A000002106F0B9F843F2707145F27002C2F27D
:1098B0000041C0F60102086041F61140C0F6000008
:1098C000002106F0A9F840F6E01145F20C02C2F2C0
:1098D0000041C0F60102086041F6D930C0F6000030
:1098E000002106F099F840F6D011C2F2004108605C
:1098F00080BD00000000000080B586B044F2E04169
:109900000020C5F602010590CDE90300CDE9010074
:109910000A6842F010020A600A6802F0100200921F
:10992000009A0A6842F080020A600A6802F0800227
:109930000092009A0A6842F001020A600A6802F086
:1099400001020092009A0A6842F002020A600A6864
:1099500002F002020092009A0A6842F004020A60D1
:10996000096801F0040100910099082101914FF468
:109970008811CDE9021041F2000001A9C5F60200EC
:10998000FAF73AF9092001210022FAF7D1FA092061
:10999000FAF7BEFA06B080BD80B545F2F80040F691
:1099A0000041C2F2004043F22432C5F60001C0F289
:1099B0000302C0E9001200210161C0E902110C227A
:1099C0008162C0E90521C0E908114166FEF7C0FCCB
:1099D00008B1F8F791F945F2F8000021C2F2004011
:1099E000FEF71AFA08B1F8F787F945F2F8000021F6
:1099F000C2F20040FEF7C4F908B1F8F77DF945F26C
:109A0000F800C2F20040FEF717F8002808BF80BD3A
:109A1000BDE88040F8F770B910B545F2706443F2C4
:109A20000040C2F20044C4F201004FF400314FF094
:109A3000806220604FF480006060A1600721E160D7
:109A40000021C4E90411A2614FF08042C4E907215A
:109A5000C4E9091040F20710E0624FF4E02024212D
:109A6000C4E90C0204F13800F6F78AFC2046FCF742
:109A7000A3FE002808BF10BDBDE81040F8F73CB9B0
:109A800080B545F29C7044F60001C2F20040C4F279
:109A9000010131220160EF21416000218160C0E9B4
:109AA0000321C0E90511FDF7B7F9002808BF80BD03
:109AB000BDE88040F8F720B970B5A0B001A82C210E
:109AC0000024CDE91844CDE91644CDE91444CDE98C
:109AD0001244CDE91044CDE90E44CDE90C44F6F72B
:109AE0004FFC45F204700025C2F20040C4F20105AB
:109AF000EF210560C0E9011444F61F61C0E90314B9
:109B0000C0E90544FDF788F908B1F8F7F5F84FF416
:109B10008050169045F2047016A9C2F20040FDF77D
:109B200053FA08B1F8F7E8F845F20470C2F20040C1
:109B3000FDF752FE08B1F8F7DFF845F2047013A9FB
:109B4000C2F200400024CDE913441594FDF7FCF85F
:109B500008B1F8F7D1F870200CA9CDE90C0445F252
:109B600004700022C2F200401294CDE90E44CDE907
:109B70001044FDF7DDFB08B1F8F7BEF845F20470BC
:109B80000CA9C2F200400422FDF7D2FB08B1F8F79D
:109B9000B3F845F204700CA9C2F200400822FDF7A8
:109BA000C7FB08B1F8F7A8F845F204700CA9C2F297
:109BB00000400C22FDF7BCFB08B1F8F79DF845F218
:109BC00004740026C2F200444FF40050CDE90606AA
:109BD0004FF0007001A9CDE9090620460596CDE9B0
:109BE0000366CDE9016608960B96FDF759F808B1B2
:109BF000F8F782F840F200412068C4F201011F9694
:109C00008842CDE91D66CDE91B6618D0A84234D143
:109C100044F2E0404FF4D442C5F60200016841F03E
:109C200010010160006800F010001A9040F600007A
:109C30001A99C5F60200012100F5006013E044F214
:109C4000E0404FF44072C5F60200016841F00401A3
:109C500001600068032100F004001A901A9840F691
:109C60000000C5F602001F911BA91B9202221C9244
:109C70000022CDE91D22F9F7BFFF20B070BD000022
:109C800070B5A0B001A82C210024CDE91844CDE97D
:109C90001644CDE91444CDE91244CDE91044CDE990
:109CA0000E44CDE90C44F6F76BFB45F2E87040F248
:109CB0000045C2F20040C4F20105EF210560C0E991
:109CC000011444F61F61C0E90314C0E90544FDF71F
:109CD000A3F808B1F8F710F84FF48050169045F249
:109CE000E87016A9C2F20040FDF76EF908B1F8F766
:109CF00003F845F2E870C2F20040FDF76DFD08B1CF
:109D0000F7F7FAFF45F2E87013A9C2F20040002409
:109D1000CDE913441594FDF717F808B1F7F7ECFFF8
:109D200060200CA9CDE90C0445F2E8700822C2F2CB
:109D300000401294CDE90E44CDE91044FDF7F8FA45
:109D400008B1F7F7D9FF45F2E8700CA9C2F200405C
:109D50000C22FDF7EDFA08B1F7F7CEFF45F2E874F3
:109D60000026C2F200444FF40050CDE906064FF041
:109D7000007001A9CDE9090620460596CDE90366E4
:109D8000CDE9016608960B96FCF78AFF08B1F7F754
:109D9000B3FF20681F96A8421C96CDE91D661B964E
:109DA0001BD00021C4F20101884234D144F2E040CA
:109DB0004FF4D442C5F60200016841F01001016081
:109DC000006800F010001A9040F600001A99C5F6DD
:109DD0000200012100F5006013E044F2E0404FF47E
:109DE0004072C5F60200016841F00401016000689C
:109DF000032100F004001A901A9840F60000C5F6FE
:109E000002001F911BA91B9202221C920022CDE985
:109E10001D22F9F7F1FE20B070BD00000000000027
:109E200080B545F6F01044F60041C2F2004048F219
:109E30008042C4F20001C0F21E02C0E900120021FB
:109E40000161C0E902110C224162C0E90521C0E9AB
:109E50000711302181624FF48051C1634FF40051EA
:109E60000164FEF775FA08B1F7F746FF45F6F01002
:109E70000021C2F20040FDF7CFFF08B1F7F73CFF29
:109E800045F6F0100021C2F20040FDF779FF08B15D
:109E9000F7F732FF45F6F010C2F20040FDF7CCFDB7
:109EA000002808BF80BDBDE88040F7F725BF00004F
:109EB00080B545F6183047F60041C2F20040C4F2C2
:109EC00000010C2201604FF4E13141600021C0E942
:109ED00002110161C0E90521C0E907114162302189
:109EE00081624FF48051C1634FF400510164FEF769
:109EF0002FFA08B1F7F700FF45F618300021C2F23B
:109F00000040FDF789FF08B1F7F7F6FE45F6183077
:109F10000021C2F20040FDF733FF08B1F7F7ECFE75
:109F200045F61830C2F20040FDF786FD002808BF54
:109F300080BDBDE88040F7F7DFBE000000000000F4
:109F400080B545F6340041F20001C2F20040C4F28F
:109F500001010C2201604FF4E13141600021C0E9B0
:109F600002110161C0E90521C0E9071141623021F8
:109F700081624FF48051C1634FF400510164FEF7D8
:109F8000E7F908B1F7F7B8FE45F634000021C2F250
:109F90000040FDF741FF08B1F7F7AEFE45F634008B
:109FA0000021C2F20040FDF7EBFE08B1F7F7A4FE76
:109FB00045F63400C2F20040FDF73EFD002808BF20
:109FC00080BDBDE88040F7F797BE000000000000AC
:109FD00080B545F6C80044F20041C2F20040C4F228
:109FE00000010C2201604FF4614141600021C0E991
:109FF00002110161C0E90521C0E907114162302168
:10A0000081624FF48051C1634FF400510164FEF747
:10A010009FF908B1F7F770FE45F6C8000021C2F2BB
:10A020000040FDF7F9FE08B1F7F766FE45F6C800F7
:10A030000021C2F20040FDF7A3FE08B1F7F75CFE75
:10A0400045F6C800C2F20040FDF7F6FC002808BF44
:10A0500080BDBDE88040F7F74FBE00000000000063
:10A0600080B545F65C1044F60001C2F20040C4F22F
:10A0700000010C2201604FF4E13141600021C0E990
:10A0800002110161C0E90521C0E9071141623021D7
:10A0900081624FF48051C1634FF400510164FEF7B7
:10A0A00057F908B1F7F728FE45F65C100021C2F217
:10A0B0000040FDF7B1FE08B1F7F71EFE45F65C1053
:10A0C0000021C2F20040FDF75BFE08B1F7F714FE75
:10A0D00045F65C10C2F20040FDF7AEFC002808BF58
:10A0E00080BDBDE88040F7F707BE0000000000001B
:10A0F00080B545F6842041F20041C2F20040C4F22E
:10A1000001010C2201604FF4E13141600021C0E9FE
:10A1100002110161C0E90521C0E907114162302146
:10A1200081624FF48051C1634FF400510164FEF726
:10A130000FF908B1F7F7E0FD45F684200021C2F2DF
:10A140000040FDF769FE08B1F7F7D6FD45F684201B
:10A150000021C2F20040FDF713FE08B1F7F7CCFD75
:10A1600045F68420C2F20040FDF766FC002808BFD7
:10A1700080BDBDE88040F7F7BFBD000000000000D3
:10A1800080B544F6E41040F20801C2F20040C2F289
:10A190000041002202F098FD08B1F7F7ADFD44F64A
:10A1A000E41040F23001C2F20040C2F2004102F07D
:10A1B000FFFF08B1F7F7A0FD44F6E41040F2CC0130
:10A1C000C2F20040C2F2004102F03AFB08B1F7F7D8
:10A1D00093FD44F6E410C2F2004003F015F808B114
:10A1E000F7F78AFDBDE88040FAF7D6BD0000000011
:10A1F000FEE7000000000000FEE700000000000095
:10A20000002808BF7047A0F1040C00210F2263460C
:10A2100093ED011A181D21EE001A013A83ED011A7F
:10A220000346F5D101310CF13C0C0F29EED17047FA
:10A2300090ED001A90ED013A21EE002A90ED021AFD
:10A2400063EE000A21EE001AB0EE420A70470000E9
:10A2500080B545F28C10C2F20040FAF725F840F6BE
:10A26000D410C2F200400068BDE8804005F0A4BBF5
:10A27000EFF30980BFF36F8F154B1A681EF0100FB4
:10A2800008BF20ED108A20E9F04F10602DE9090089
:10A290004FF0500080F31188BFF34F8FBFF36F8FE3
:10A2A00007F05AFB4FF0000080F31188BDE8090069
:10A2B00019680868B0E8F04F1EF0100F08BFB0EC46
:10A2C000108A80F30988BFF36F8F704700BF00BF0B
:10A2D00078620024000000002DE9F04FADF6B40DC7
:10A2E00041F290390DF50960C2F200494FF0FF329A
:10A2F00009F1BC010DF2647804F046F9B7EE000AEA
:10A30000BFEE002A99ED3B1A0024CDF86C4880EE90
:10A31000010A99ED3A1A88ED430A82EE010A88EDA6
:10A32000450A99ED3E0BCDF87448CDF87C48CDF840
:10A330008048CDF8844809F0D3FEB1EE400B0DF60D
:10A34000480A99ED3B1A2421B7EEC11A5046CDF8C0
:10A350008C4880EE010BB7EEC00B88ED490AF6F78A
:10A360000FF809F1C8010DF62400012204F00CF9E0
:10A37000B0EE000A09F1B000FFF75AFF0DF2647762
:10A3800009F1A401384688EC030AF6F7C9FE0DF27C
:10A39000947609F180010122304688EC030A04F02A
:10A3A000F3F80DF500640DF66C0B204631465A4665
:10A3B00005F00AF90DF5EE654FF0FF3228463946F3
:10A3C00004F0E2F8E6A82946224604F03DFA0DF52D
:10A3D000F767E698CDF80008E798CDF80408E89804
:10A3E000CDF80808E998CDF80C08EA98CDF81008DF
:10A3F000EB98CDF81408EC98CDF81808ED98CDF846
:10A400001C08EE98CDF8200824213846F5F7B8FF4F
:10A4100099ED2C0A5146D9F8B800CDF8B807B1EE3D
:10A42000400AE6A83A4688ED1B0A04F00DFA0DF240
:10A43000DC77E698CDF87007E798CDF87407E898D0
:10A44000CDF87807E998CDF87C07EA98CDF8800731
:10A45000EB98CDF88407EC98CDF88807ED98CDF807
:10A460008C07EE98CDF89007384631462A4605F01D
:10A47000ABF80DF5E86524212846F5F781FF0DF2CC
:10A480001C764FF07E50CDF840072421CDF85007C0
:10A49000CDF860073046F5F773FF0DF509605946B2
:10A4A00052460DF62403CDE90047CDE9025600F0EF
:10A4B000E7FB40F2001041F2A444C2F20040C2F2B5
:10A4C000004404F5845690ED000A3046FFF798FEEC
:10A4D00041F204403146251842F64870C2F200406D
:10A4E0002A4604F08DF9E6A82946224604F0A8FE83
:10A4F00004F178060DF56678E6982060E7986060CC
:10A50000E898A060E998E060EA982061EB986061C3
:10A51000EC98A061ED98E061EE982062EF9860629F
:10A52000F098A062F198E062F2982063F39860637B
:10A53000F498A06328463146424604F0F9FE2846C6
:10A5400006F0DAFC05AF404629463A4604F0F0FE34
:10A5500004F604313846324604F052F90DF6B40DD3
:10A56000BDE8F08F0000000080B52DED0E8BB0EE41
:10A57000428B22EE022BB7EE00ABB0EE419BA1EE78
:10A58000012BB8EE00EBB0EE4A1BB0EE40CBB0EEC4
:10A5900043BBA2EE0E1B28EE032BA0EE092B32EEDE
:10A5A000020B08F039FF2BEE491BB0EE40DBACEE9E
:10A5B000081B31EE011BB0EEC12BB4EE4A2BF1EEBD
:10A5C00010FA04DAB0EE410B08F042FD0DE051EC58
:10A5D000110B42F2FB10C3F6F97060F31E0141F259
:10A5E0004470C5F2414041EC100B2BEE0B1BA8EE62
:10A5F000081BA1EE0EAB29EE081BB7EEC08BB7EE21
:10A60000CD9BACEE0B1B31EE010BB0EE4A1B08F0FC
:10A6100003FFB7EEC01BB0EE490AF0EE480ABDECEE
:10A620000E8B80BD00000000B0B52DED108B90EDBD
:10A63000014A90ED005AB7EEC44A90ED026AB0EEBE
:10A6400043EB0446B0EE42AB0D46B7EEC55A24EEDE
:10A65000044BB0EE41DBB0EE40FBB7EEC66A05EE50
:10A66000054B06EE064B9FED826BB7EEC45BB7EE73
:10A67000C54AB4EE464BF1EE10FA16DA9FED830AA6
:10A68000B7EE003A85EE000A9FED7F1A85EE011ABB
:10A6900020EE050AA5EE013AB6EE001BB7EEC00AA1
:10A6A00030EE012BB7EEC3CA17E0B1EEC48BB4EEA7
:10A6B000488BF1EE10FA80F1CA80B6EE000B28EE5E
:10A6C000009BB0EE490B08F0A7FFB0EE40CBB0EE18
:10A6D000490B09F05DFC80EE082B94ED000A94ED27
:10A6E000011A94ED023AB7EEC00AB7EEC11A681C1F
:10A6F000B7EEC33A22EE000B22EE011B22EE032B33
:10A700004DD020EE4D8B2FEE009BB0EE4A3BACEED1
:10A710000F8BA1EE4A8BACEE0D9B2FEE01AB2FEE13
:10A7200002BBA1EE0E9BA2EE439BACEE03ABACEEE4
:10A730000EBBA2EE0DABA0EE03BBA2EE4E8BA0EEC5
:10A740004EAB29EE092BA1EE4DBB08EE082B0AEE0D
:10A750000A2B0BEE0B2BB7EEC20B9FED472BB7EE80
:10A76000C01AB4EE421BF1EE10FA06DC9FED442B4A
:10A77000B4EE421BF1EE10FA5EDAB1EEC01AB4EE9E
:10A78000411AF1EE10FA69D6B7EEC10A88EE008BD5
:10A7900089EE009B8AEE00AB8BEE00BB4CE02DEE09
:10A7A000408B2DEE0C9BB0EE4A3BAFEE0C8BAAEE2D
:10A7B000418BAFEE009B2AEE0CAB2EEE0CBBA3EE52
:10A7C000029BAEEE419BAFEE01ABAFEE02BBAEEE35
:10A7D00000ABADEE01BBAEEE428BADEE42AB29EE6F
:10A7E000092BA3EE40BB08EE082B0AEE0A2B0BEE5A
:10A7F0000B2BB7EEC20B9FED202BB7EEC01AB4EEB9
:10A80000421BF1EE10FA06DC9FED1D2BB4EE421B4D
:10A81000F1EE10FA10DAB1EEC01AB4EE411AF1EE10
:10A8200010FA20D6B7EEC10A88EE008B89EE009BA5
:10A830008AEE00AB8BEE00BBB0EE480BB0EE491BCE
:10A84000B0EE4A2BB0EE4B3BBDEC108BB0BDB0EE82
:10A85000440B09F0F5FBB0EE408B2EE709F023FC2A
:10A86000B0EE401A90E709F01EFCB0EE401AD9E7AE
:10A8700048AFBC9AF2D77A3E0B7A6F0C0100F03FDA
:10A88000CB1A50CAFFFFEF3F0000C04300007045E5
:10A89000F0B581B044F22C47C5F6020757F8042CF6
:10A8A00002F00302032A02D1012001B0F0BD0546E7
:10A8B00057F82C0C0C4620F0806047F82C0CF9F768
:10A8C00073FA064657F82C0C000105D5F9F76CFA17
:10A8D000801B0228F6D964E057F8040CEE6895E86E
:10A8E0000E0020F47C30012C40EA0130A2F101017D
:10A8F0006FF35F214FF47E4202EB432247F8040CD2
:10A9000092B24FF0FE4302EB01004FF4FE012A69C0
:10A9100001EB064101F4FE0103EB0262084402F080
:10A92000FE410844F8603868696920F0C00040EAD8
:10A93000010038603868A96920F0200040EA010071
:10A94000386038684FF6F87120F0100038603869C8
:10A95000EA6920EA01004FF4001140EAC2003861C0
:10A96000386808BF4FF4801140F01000002C3860A8
:10A9700008BF4FF4002138680843386057F82C0CA2
:10A9800040F0806047F82C0CF9F70EFA044600BF3F
:10A9900057F82C0C000107D4F9F706FA001B03281E
:10A9A000F6D3032001B0F0BD002001B0F0BD0000DF
:10A9B000F0B581B044F22C47C5F6020757F8042CD5
:10A9C00002F00302032A02D1012001B0F0BD0546C6
:10A9D00057F82C0C0C4620F0805047F82C0CF9F757
:10A9E000E3F9064657F82C0C800005D5F9F7DCF999
:10A9F000801B0228F6D964E057F8040CEE6895E84D
:10AA00000E0020F07C70012C40EA0150A2F10101FF
:10AA10006FF35F214FF47E4202EB432247F8040CB0
:10AA200092B24FF0FE4302EB01004FF4FE012A699F
:10AA300001EB064101F4FE0103EB0262084402F05F
:10AA4000FE41084478613868696920F4406040EA52
:10AA5000010038603868A96920F4007040EA0100FC
:10AA6000386038684FF6F87120F480703860B86943
:10AA7000EA6920EA01004FF0807140EAC200B86143
:10AA8000386808BF4FF4000140F48070002C386033
:10AA900008BF4FF4800138680843386057F82C0C21
:10AAA00040F0805047F82C0CF9F77EF9044600BFBF
:10AAB00057F82C0C800007D4F9F776F9001B03280F
:10AAC000F6D3032001B0F0BD002001B0F0BD0000BE
:10AAD00045F27060C2F20040FBF75EBD000000006E
:10AAE000016840F26F32D1F814C08B6943F008035B
:10AAF0008B618B6943F010038B610B6823F00103BA
:10AB00000B600B6923EA02020A618A6822F4404260
:10AB10008A6090F88120042A18BF1CF0200209D016
:10AB2000D0F8842042F08002C0F884208A6942F084
:10AB300020028A6190F88120032A1DD05FEA4C62CE
:10AB400009D5D0F8842042F00402C0F884208A6934
:10AB500042F040028A61826AB2F5800F0CD11CF08B
:10AB6000800209D0D0F8842042F00202C0F884208C
:10AB70008A6942F080028A615FEA8C5209D5D0F876
:10AB8000842042F00102C0F884208A6942F40072F5
:10AB90008A615FEACC5209D5D0F8842042F00802DD
:10ABA000C0F884208A6942F480728A610021A0F88A
:10ABB0006210A0F86A107047806B0021A0F86A103C
:10ABC000A0F86210012180F88110FBF7E1BC0000C1
:10ABD00010B5846BF7F7CCFD022808BF10BD2046E6
:10ABE000FFF77EFFD4F8840040F01000C4F8840022
:10ABF000012084F881002046BDE81040FBF7C8BC66
:10AC0000806BFCF739B80000806B90F88110072941
:10AC100008BF7047816FC969B1F5807F01D1FCF72A
:10AC200027B80068016941F0080101617047000020
:10AC3000074B19680868B0E8F04F80F30988BFF344
:10AC40006F8F4FF0000080F31188704700BF00BF86
:10AC50007862002400000000FFF792FA45F29C7031
:10AC6000C2F20040FCF754F94FF4FA5004F0E4FC4F
:10AC70004FF47A7004F0E0FCFAE7000000000000F6
:10AC80002DE9F04F92B041F2A44A41F27C04C2F2A5
:10AC9000004ADDF86C90DDE91C8E0AEB040B061F00
:10ACA000002400BF03255F46304600BF013D50F839
:10ACB00004CF47F804CFF9D101340C36032C0BF143
:10ACC0003C0BEFD141F2880004390AEB000C002460
:10ACD00003250E46674600BF013D56F8040F47F8AE
:10ACE000040FF9D101340CF13C0C032C01F10C01DF
:10ACF000EED141F2A44C111FC2F2004C0022644676
:10AD000041F294050E4600BF67190435B5F5855F1D
:10AD100056F8040F7860F7D101323C34032A01F170
:10AD20000C01EDD141F230101A1F0CEB000103238E
:10AD300003240D46164600BF013C56F8040F45F8A3
:10AD4000040FF9D101330C32062B01F13C01EFD194
:10AD500041F23C10A9F104020CEB0001032300BFF7
:10AD6000032415460E4600BF013C55F8040F46F873
:10AD7000040FF9D101333C31062B02F10C02EFD163
:10AD800041F24810A8F104020CEB0001032300BFBC
:10AD9000032415460E4600BF013C55F8040F46F843
:10ADA000040FF9D101333C31062B02F10C02EFD133
:10ADB00041F2F010AEF104060CEB0004062300BFD4
:10ADC00003273246214600BF013F52F8040F41F8E5
:10ADD000040FF9D101333C34092B06F10C06EFD1F5
:10ADE00041F2FC1006230CEB00051E98061F00BF65
:10ADF00003273246294600BF013F52F8040F41F8AD
:10AE0000040FF9D101333C35092B06F10C06EFD1C3
:10AE100041F290310023C2F20041D1E90F020990C2
:10AE2000486C0A928A6C0B90C86C0C920A6D0D905B
:10AE3000486D0E928A6DCDE90F02C86D1190C86BF6
:10AE400000900A6D0592CA6C04928A6C03924A6C57
:10AE500002920A6C01924A6DC86D0890886D69462D
:10AE60000E1FCDE9062000BF0327324692ED010AEE
:10AE7000101DB1EE400A013F82ED010A0246F5D1F4
:10AE800001330C36032BEFD14FF6AC434FF4557220
:10AE9000CFF6FF7302EB82008F180CEB0006A7F5CC
:10AEA00055750C32FF58B2F55E7F4CF8007068683B
:10AEB0007060A868B060EDD141F228106FF00B010E
:10AEC000604409AA53180C311829D3E9037640F8D5
:10AED0003C7F5B6946608360F4D112B0BDE8F08FBF
:10AEE00070B5A1F1040CA2F1040E021F002300BFF3
:10AEF0000F2110467446654695ED010A94ED011A3E
:10AF000030EE410A061D04350434013980ED010A92
:10AF10003046F1D101330CF13C0C0F2B0EF13C0EFD
:10AF200002F13C02E4D170BD80B583B00022EC4652
:10AF300000EB020E8B189EED000A93ED001A0CEB4D
:10AF40000203043230EE410A0C2A83ED000AEFD1ED
:10AF5000BDEC030A80BD000080B54EF21000CEF2B9
:10AF60000000006807F0A8FD012808BF80BDBDE80B
:10AF7000804006F015BF0000B0B59CB044F6180440
:10AF800009A84C21C5F60204F5F7FAF902200025BC
:10AF9000CDE90755CDE90555CDE90355CDE9015575
:10AFA000F9F7D6FE0095206840F440402060206804
:10AFB00000F44040009040F22C40C5F600000168CB
:10AFC00041F001010160006800F00100009000986C
:10AFD00020688004FCD52220099001200C900F905D
:10AFE000022012900025042114913C214024CDE937
:10AFF0001510CDE917000C200D94CDE9190509A80D
:10B0000013951B95FAF780FF18B1EFF3108072B615
:10B01000FEE73F20019003200421CDE9020508202E
:10B020000694CDE904044FF48060CDE9070401A83B
:10B03000FAF702FD18B1EFF3108072B6FEE71CB00C
:10B04000B0BD0000000000004EF6885042F2000C37
:10B05000CEF20000C5F2002C016841F470010160DD
:10B06000DCF8000000F00F00062806D8DCF800002D
:10B07000072161F30300CCF8000044F200404EF6D3
:10B080007F52C5F60200CEF6F622016841F00101BA
:10B0900001600021016103681A400260DCF80020B1
:10B0A000120706D5DCF80020072363F30302CCF86F
:10B0B000002040F200228161C161C0F202220162DF
:10B0C00082620022C0F2FF12C26240F28022C0F20D
:10B0D0000112026341638263C163026441640268D6
:10B0E00022F480220260016641F20000C5F60040B1
:10B0F0000068B1EB507F05D148F208100121C5F27C
:10B100000010016044F2000043F2D201C5F20020B9
:10B11000016070470000000045F25070C2F200402C
:10B12000FCF74EB80000000045F29C70C2F20040EF
:10B13000FCF746B80000000010B540F6FF32C4F23C
:10B140000002904202680FDCB0F1804F1DD040F247
:10B150000043C4F20003984217D040F60003C4F243
:10B160000003984211D014E040F60043C4F20003FB
:10B1700098420AD040F20043C4F20103984204D03E
:10B180000023C4F20103984203D122F070024B68FD
:10B190001A434FF6FF7343F6FF7CC4F20003C4F278
:10B1A000010C984210DD60451ADD44F20003C4F240
:10B1B000010398422CD044F60003C4F201039842E4
:10B1C00026D044F2004312E040F2FF73C4F20003C1
:10B1D000984211DCB0F1804F1AD040F2004313E0E6
:10B1E0000023C4F20103984212D040F20043C4F29B
:10B1F000010398420CD00FE040F60003C4F20003B4
:10B20000984205D040F60043C4F20003984203D1AF
:10B2100022F44072CB681A43D1F814E060450B6801
:10B220008C68C46283620EDD44F20003C4F2010341
:10B23000984213D044F60003C4F2010398420DD0A3
:10B2400044F2004306E00023C4F20103984205D013
:10B2500040F20043C4F20103984201D1096901633D
:10B26000016841F0040101600121416122F0800187
:10B2700041EA0E01016010BD45F6F010C2F2004037
:10B28000FCF722BE0000000045F61830C2F2004074
:10B29000FCF71ABE00000000816A0A070CD4CA0736
:10B2A00015D18A071ED44A0727D4CA0630D48A0685
:10B2B00039D44A0655D541E00268D0F838C0536801
:10B2C00023F4004343EA0C035360CA07E9D0026841
:10B2D000D0F82CC0536823F4003343EA0C035360C6
:10B2E0008A07E0D50268D0F830C0536823F4803371
:10B2F00043EA0C0353604A07D7D50268D0F834C03C
:10B30000536823F4802343EA0C035360CA06CED566
:10B310000268D0F83CC0936823F4805343EA0C03DE
:10B3200093608A06C5D50268D0F840C0936823F4BC
:10B33000005343EA0C0393604A0612D50268D0F822
:10B3400044C0BCF5801F536823F4801343EA0C0308
:10B35000536006D1536823F4C00C836C43EA0C039A
:10B360005360090658BF70470168C06C4A6822F4F0
:10B370000022104348607047B0B582B004460020F8
:10B38000C4F89000F8F710FD216805460968090720
:10B3900019D54FF4001100226FF07E400090204636
:10B3A0002B4600F0CDFF70B1206850E8000F2168F7
:10B3B00020F0800041E80002002AF5D12020C4F8E6
:10B3C000880003202FE020680068400723D54FF451
:10B3D000800100226FF07E40009020462B4600F056
:10B3E000AFFFC0B1206850E8000F216820F49070D2
:10B3F00041E80002002AF5D1206850E8020F2168D8
:10B4000020F0010041E80202002AF5D12020C4F812
:10B410008C00032007E02020C4F88800C4F88C00CA
:10B420000020E0662067002184F8841002B0B0BDDF
:10B43000806B0021A0F85E10FCF742BD0000000008
:10B44000806B0368D0F88820D0F88CC09B681B06FE
:10B450001BD5212A19D10022A0F85620026852E8F3
:10B46000002F036822F0C00243E800210029F5D133
:10B47000016851E8021F026821F4000142E802134A
:10B48000002BF5D12021C0F8881001688968490691
:10B4900032D5BCF1220F2FD10021A0F85E1000BFE1
:10B4A000016851E8001F026821F4907142E800131E
:10B4B000002BF5D14FF6FE7CCEF6FF7C026852E8F9
:10B4C000022F036802EA0C0243E802210029F5D1A9
:10B4D000C16E01290AD100BF016851E8001F02684E
:10B4E00021F0100142E80013002BF5D12021C0F813
:10B4F0008C100021C1664167D0F8901041F0100116
:10B50000C0F89010FCF7DCBCC169806BB1F5807F9E
:10B5100030D00021A0F85E10016851E8001F0268D9
:10B5200021F4807142E80013002BF5D1016851E845
:10B53000021F026821F0010142E80213002BF5D13D
:10B54000016851E8021F026821F0400142E802133D
:10B55000002BF5D12021C0F88C10C16E012909D132
:10B56000016851E8001F026821F0100142E8001351
:10B57000002BF5D100210167C16E012903D1B0F87C
:10B580005C10FCF7CDBAFDF7DFB900000000000049
:10B59000806B01210167C16E012904D1B0F85C10F4
:10B5A0004908FCF7BDBAFDF7D3B900000000000060
:10B5B000C169806BB1F5807F01D1FDF7F1BA00213F
:10B5C000A0F85610016851E8021F026821F08001BE
:10B5D00042E80213002BF5D1016851E8001F026810
:10B5E00041F0400142E80013002BF5D17047000004
:10B5F000806BFDF7E5BA0000B0F860200168D0F874
:10B600008C30222B58D1496A836D114023F8021BDC
:10B610008365B0F85E100139A0F85E10B0F85E10D6
:10B62000002918BF704700BF016851E8001F026879
:10B6300021F4907142E80013002BF5D1016851E824
:10B64000021F026821F0010142E80213002BF5D12C
:10B650002021C0F88C1000214167016740F60042AC
:10B660000168C5F6000291420CD04968090209D56B
:10B67000016851E8001F026821F0806142E8001370
:10B68000002BF5D1C16E01291BD10021C16600BF7D
:10B69000016851E8001F026821F0100142E8001320
:10B6A000002BF5D10168CA69D20601D510220A62C1
:10B6B000B0F85C10FCF734BA886940F00800886183
:10B6C0007047FDF741B900002DE9F04F81B0044605
:10B6D0000268B0F86050D66910689168D4F88C3070
:10B6E000222B40F0A580B4F86820002A00F0A88042
:10B6F00000F4807801F001074FF000094FF0020BD1
:10B700004FF0010A04E000BFB4F85E00002841D009
:10B71000B00640F195802068A16D426A2A4021F868
:10B72000022BA165B4F85E100139A4F85E10C66959
:10B730007107E9D0F20718BFB8F1000F02D1B207C4
:10B740000AD412E0C0F820A0D4F8902042F0010200
:10B75000C4F89020B20708D53FB1C0F820B0D4F8A3
:10B76000902042F00402C4F89020002908D53FB18F
:10B7700004210162D4F8900040F00200C4F8900067
:10B78000D4F890000028BFD02046FCF799FBC4F8FD
:10B790009090B9E7206850E8000F216820F480708D
:10B7A00041E80002002AF5D14FF6FE70CEF6FF7098
:10B7B000216851E8021F2268014042E80213002B71
:10B7C000F6D12020C4F88C0000206067206740F686
:10B7D00000412068C5F6000188420DD04068000293
:10B7E0000AD500BF206850E8000F216820F0806073
:10B7F00041E80002002AF5D1E06E01281DD10020A9
:10B80000E06600BF206850E8000F216820F01000BB
:10B8100041E80002002AF5D12068C169C90601D5B6
:10B8200010210162B4F85C102046FCF779F907E0BA
:10B83000906940F00800906124E02046FDF784F80C
:10B84000B4F85E00F0B1B4F8681088421AD200BFB4
:10B85000206850E8020F216820F0805041E8020281
:10B86000002AF5D14BF2F950C0F60000606700BF26
:10B87000206850E8000F216840F0200041E80002F5
:10B88000002AF5D101B0BDE8F08F000000000000F3
:10B89000B0F860100268D0F88C30222B58D1526A70
:10B8A000836D11401970816D01318165B0F85E10B2
:10B8B0000139A0F85E10B0F85E10002918BF70477B
:10B8C000016851E8001F026821F4907142E80013FA
:10B8D000002BF5D1016851E8021F026821F0010137
:10B8E00042E80213002BF5D12021C0F88C10002172
:10B8F0004167016740F600420168C5F600029142C7
:10B900000CD04968090209D5016851E8001F026896
:10B9100021F0806142E80013002BF5D1C16E0129AE
:10B920001BD10021C16600BF016851E8001F0268F9
:10B9300021F0100142E80013002BF5D10168CA691B
:10B94000D20601D510220A62B0F85C10FCF7E8B804
:10B95000906940F0080090617047FCF7F5BF000067
:10B960002DE9F04F81B004460268B0F86050D66906
:10B9700010689168D4F88C30222B40F0A780B4F87E
:10B980006820002A00F0AA8000F4807A01F0010704
:10B990004FF000084FF0020B4FF0010904E000BF28
:10B9A000B4F85E00002843D0B00640F197802068CC
:10B9B000A16D406A28400870A06D0130A065206824
:10B9C000B4F85E100139A4F85E10C6697107E7D0BB
:10B9D000F20718BFBAF1000F02D1B2070AD412E081
:10B9E000C0F82090D4F8902042F00102C4F89020D2
:10B9F000B20708D53FB1C0F820B0D4F8902042F08B
:10BA00000402C4F89020002908D53FB10421016246
:10BA1000D4F8900040F00200C4F89000D4F89000F0
:10BA20000028BDD02046FCF74BFAC4F89080B7E759
:10BA3000206850E8000F216820F4807041E800027F
:10BA4000002AF5D14FF6FE70CEF6FF70216851E85E
:10BA5000021F2268014042E80213002BF6D1202089
:10BA6000C4F88C0000206067206740F60041206821
:10BA7000C5F6000188420DD0406800020AD500BF1B
:10BA8000206850E8000F216820F0806041E8000243
:10BA9000002AF5D1E06E01281DD10020E06600BF2C
:10BAA000206850E8000F216820F0100041E80002F3
:10BAB000002AF5D12068C169C90601D510210162AB
:10BAC000B4F85C102046FCF72BF807E0906940F0D2
:10BAD0000800906124E02046FCF736FFB4F85E00D1
:10BAE000F0B1B4F8681088421AD200BF206850E85C
:10BAF000020F216820F0805041E80202002AF5D1AF
:10BB00004BF69100C0F60000606700BF206850E867
:10BB1000000F216840F0200041E80002002AF5D122
:10BB200001B0BDE8F08F0000F0B583B004460368B3
:10BB3000806846F6F315D4E9031210436269104396
:10BB4000E2691E68CCF6FF75104306EA0502104351
:10BB5000186058684FF2FF4620F4405240F600400B
:10BB600011435960C5F60000A1698342C1F2FF1676
:10BB70001CBF226A11439A6847F2FF753240C4F233
:10BB8000000511439960DA6A44F2544122F00F0231
:10BB9000666AC5F602013243AB42DA624FF08002B8
:10BBA0001DDD40F6FF76C4F20106B34226DD834276
:10BBB00045D041F20046C4F20106B34205D041F23D
:10BBC0000006C4F20106B34242D10A68C2F3C202BF
:10BBD000062A3CD244F6E863C0F601032CE044F6A2
:10BBE000FF36C4F20006B34211DC44F20046C4F250
:10BBF0000006B34217D044F6000610E047F60006F0
:10BC0000C4F20006B3420ED047F6004607E044F601
:10BC10000046C4F20006B34205D045F20006C4F265
:10BC20000006B34214D10A6802F00702062A0ED2B7
:10BC300044F6EE63C0F601031A44127808E04A683D
:10BC400002F00702062A02D20FF28C33F4E78022B8
:10BC50002368834240F60010C0F23D0000F053809C
:10BC6000E369B3F5004F40F06C80402A00F20A818E
:10BC70000027DFE812F0410010010701070115015C
:10BC80000701070107011901070107010701070162
:10BC9000070107010701210107010701070107014A
:10BCA0000701070107010701070107010701070154
:10BCB0000701070107012F0107010701070107011C
:10BCC0000701070107010701070107010701070134
:10BCD0000701070107010701070107010701070124
:10BCE0000701070107010701070107010701070114
:10BCF0000701070107012C010027FAF71DF80028AA
:10BD000040F0EA80D6E0931E1E2B00F268800027E8
:10BD1000DFE803F0106C706C6C6C746C6C6C6C6CA9
:10BD20006C6C7C6C6C6C6C6C6C6C6C6C6C6C6C6C43
:10BD30006C6C86000027F9F73BF8002840F0728011
:10BD400062E0402A00F2A2800027DFE812F0410002
:10BD5000E3009F009F00E8009F009F009F00EC0011
:10BD60009F009F009F009F009F009F009F00F40086
:10BD70009F009F009F009F009F009F009F009F00CB
:10BD80009F009F009F009F009F009F009F00020157
:10BD90009F009F009F009F009F009F009F009F00AB
:10BDA0009F009F009F009F009F009F009F009F009B
:10BDB0009F009F009F009F009F009F009F009F008B
:10BDC0009F009F009F009F009F009F009F00FF001B
:10BDD0000027F9F7B1FF002840F0BD80A9E0402A14
:10BDE00004D14FF400400027E0B90DE00020012706
:10BDF000C0B909E06846F8F7EFFF02E06846F9F7D6
:10BE00007FF80027019868B93946BEE051F8540C14
:10BE1000800649F20000C0F2D03000F1BF80002758
:10BE20000028F1D0616A45F26012C0F6010265682F
:10BE300032F8112005EB4501B0FBF2F38B424FF0D5
:10BE40000101C0F0A2802E03B34200F29E800021C7
:10BE50000023F4F73DFA0902002341EA10612A4663
:10BE6000000210EB550041F10001F4F731FA4FF6F2
:10BE70000052A0F54071C0F20F029142C0F08080E4
:10BE8000012182E00020012730BB13E000200127C0
:10BE9000002860D14DE00027F9F77EFFE0B909E006
:10BEA0006846F8F799FF02E06846F9F729F8002795
:10BEB000019888B9394668E051F8540C800649F277
:10BEC0000000C0F2D03073D4002728B9F2E74FF455
:10BED000004000270028EDD0616A45F26012C0F6EC
:10BEE000010232F811106268B0FBF1F0510801EB69
:10BEF0004000B0FBF2F0A0F110014FF6EF7291425A
:10BF000006D84FF6F0710140C0F34200084437E014
:10BF100001213AE00027F9F73FFFE0B909E0684660
:10BF2000F8F75AFF02E06846F8F7EAFF00270198A1
:10BF300088B9394629E051F8540C800649F20000CE
:10BF4000C0F2D0303ED4002728B9F2E74FF40040C9
:10BF500000270028EDD0616A45F26012C0F60102A8
:10BF600032F811106268B0FBF1F000EB5200B0FB48
:10BF7000F2F0A0F110014FF6EF72914204D880B2B6
:10BF80002168C860394600E001214FF00110A06629
:10BF90000020C4E91D00084603B0F0BD51F8541C50
:10BFA0000027C1F3C101C84000287FF43BAF2BE755
:10BFB00051F8541C0027C1F3C101C84000287FF488
:10BFC0008BAF77E751F8541C0027C1F3C101C8407B
:10BFD0000028C0D1ADE700BF0204081020400000D7
:10BFE00010B504468C4681650021A0F85C20C0F89D
:10BFF00090102220C4F88C00D4F88000F8B11346C9
:10C000004BF209524BF2915EC0F60002C0F6000EF0
:10C010000165C0E90F2E4BF24142C0F60002C26436
:10C02000226802F124016246F7F702FC38B11020C1
:10C03000C4F890002020C4F88C00012010BD2069B5
:10C0400050B100BF206850E8000F216840F48070B4
:10C0500041E80002002AF5D1206850E8020F21686B
:10C0600040F0010041E80202002AF5D1206850E8C2
:10C07000020F216840F0400041E80202002AF5D199
:10C08000002010BD0000000081650023A0F85C20A6
:10C09000A0F85E208168436751B1B1F1805F0BD099
:10C0A000B1F5805F0CD1016921B940F2FF110AE0BE
:10C0B000016939B9FF2106E0016919B13F2102E0A8
:10C0C000002100E07F21A0F860100021C0F890104E
:10C0D0002221C0F88C1000BF016851E8021FD0F87F
:10C0E00000C041F001014CE80213002BF4D1416E75
:10C0F000B1F1005F03D1B0F86810914225D9816891
:10C10000B1F5805F02D10169002941D04BF6910160
:10C11000C0F600010269416762B100BF016851E8E1
:10C12000001F026841F4907142E80013002BF5D122
:10C130002CE000BF016851E8001F026841F02001B7
:10C1400042E80013002BF5D120E08168B1F5805F53
:10C1500001D1016909B34BF66111C0F60001026912
:10C1600041674AB1016851E8001F026841F48071DB
:10C1700042E80013002BF5D1016851E8021F026864
:10C1800041F0805142E80213002BF5D100207047A6
:10C190004BF2F951C0F60001BCE74BF2C961C0F6A1
:10C1A0000001DCE700000000D0F88810212918BF4A
:10C1B0007047B0F8561069B1016D026831F8023B62
:10C1C0006FF35F2393620165B0F856100139A0F850
:10C1D000561013E0016851E8001F026821F0800149
:10C1E00042E80013002BF5D1016851E8001F0268F6
:10C1F00041F0400142E80013002BF5D170470000E8
:10C20000D0F88810212933D1B0F86A10002908BF6E
:10C21000704700BFB0F85620B2B10268D3691B0660
:10C220000DD5D0F850C03CF8023B6FF35F2393620A
:10C23000C0F850C0B0F85620013AA0F85620013995
:10C240000A04E7D114E000BF016851E8021F026848
:10C2500021F4000142E80213002BF5D1016851E8F6
:10C26000001F026841F0400142E80013002BF5D1A5
:10C270007047000000000000D0F88810212918BF86
:10C280007047B0F8561059B1016D026811F8013BC2
:10C2900093620165B0F856100139A0F8561013E00A
:10C2A000016851E8001F026821F0800142E8001394
:10C2B000002BF5D1016851E8001F026841F04001F0
:10C2C00042E80013002BF5D1704700000000000089
:10C2D000D0F88810212931D1B0F86A10002908BFA0
:10C2E000704700BFB0F85620A2B10268D3691B06A0
:10C2F0000BD5D0F850C01CF8013B9362C0F850C079
:10C30000B0F85620013AA0F8562001390A04E9D1C4
:10C3100014E000BF016851E8021F026821F4000127
:10C3200042E80213002BF5D1016851E8001F0268B2
:10C3300041F0400142E80013002BF5D170470000A6
:10C340002DE9F04381B004460068C0690840401AF6
:10C35000B0FA80F04009904257D1DDF820800D46B8
:10C360001646994608F1010709E000BF2068C06938
:10C370002840401BB0FA80F04009B04249D1002F5C
:10C38000F4D0F7F711FDB8F1000F01464FF00300AC
:10C3900040D0A1EB090141453CD82068016849071C
:10C3A000E4D5402D18BF802DE0D0C169090734D4F1
:10C3B000C1690905DAD54FF400610162206850E8CF
:10C3C000000F216820F4907041E80002002AF5D1A6
:10C3D0004FF6FE70CEF6FF70216851E8021F22680A
:10C3E000014042E80213002BF6D1E06E012809D18A
:10C3F000206850E8000F216820F0100041E800029A
:10C40000002AF5D10320202130E0002001B0BDE852
:10C41000F083002001B0BDE8F0830821016200BF75
:10C42000206850E8000F216820F4907041E8000275
:10C43000002AF5D14FF6FE70CEF6FF70216851E864
:10C44000021F2268014042E80213002BF6D1E06E81
:10C45000012809D1206850E8000F216820F0100061
:10C4600041E80002002AF5D1012008212022C4F869
:10C470008C200022E2666267C4F8901084F8842061
:10C4800001B0BDE8F083000045F63400C2F2004080
:10C49000FBF71ABD0000000045F6C800C2F20040DC
:10C4A000FBF712BD0000000045F65C10C2F2004030
:10C4B000FBF70ABD0000000045F68420C2F20040F0
:10C4C000FBF702BD0000000070B5D0F8D42200EBED
:10C4D0008203D3F8C0222AB301F00F0E8C460EEB74
:10C4E0008E0100EB810151F8184F5CB1D0F8C862A1
:10C4F0000EEBCE0506EB8506F669B4FBF6F505FBFB
:10C5000016468EB10024C2F81442D3F8C40203695F
:10C5100033B1D2F8080202F504716246984700244C
:10C52000204670BD032070BD00240C600022002353
:10C53000614600F01DFE204670BD000000000000B6
:10C54000B0B50446D0F8D40204EB8000D0F8C05255
:10C5500095B1204600F09CFCD4F8D412C5F80C022A
:10C56000D5F8040204EB8101D1F8C42205F503716A
:10C57000D26890470020B0BD0320B0BD000000008D
:10C5800070B58121044600F0C7FB0121204600253B
:10C59000258700F0C1FB82212046A4F8785100F0E5
:10C5A000BBFBD4F8D402E56404EB8000D0F8C012E1
:10C5B00089B1D0F8C40240688047D4F8D40204F5A9
:10C5C000307656F8200001F043F9D4F8D40246F84A
:10C5D0002050C4F8BC52002070BD000000000000D4
:10C5E00010B5D0F8D41200EB8100D0F8C04284B16D
:10C5F000D0F8C41279B194F80002FF280BD094F857
:10C6000001228B6821469847FF2084F80002002011
:10C6100010BD032010BD002010BD00000000000070
:10C6200040F2AC010A22C2F2004102800846704783
:10C63000F0B581B040F268070446C2F2004782219B
:10C64000384600F0E9FA06460121384600F0E4FADF
:10C6500005468121384600F0DFFA002E1CBF10216C
:10C66000B171002D1CBF4021A98000281CBF4021B2
:10C67000818040F268004321C2F20040218001B075
:10C68000F0BD000000000000F0B581B040F2680786
:10C690000446C2F200478221384600F0BDFA064641
:10C6A0000121384600F0B8FA05468121384600F0ED
:10C6B000B3FA002E1CBF1021B171002D1CBF4FF426
:10C6C0000071A98000281CBF4FF40071818040F2E6
:10C6D00068004321C2F20040218001B0F0BD00009B
:10C6E000F0B581B040F268070446C2F200478221EB
:10C6F000384600F091FA06460121384600F08CFADF
:10C7000005468121384600F087FA002E1CBF102113
:10C71000B171002D1CBF4021A98000281CBF402101
:10C72000818040F268004321C2F20040218001B0C4
:10C73000F0BD0000000000002DE9F04104464FF478
:10C74000077001F089F800284FD04FF407710546B3
:10C75000F3F716FED4F8D402217C4027022204EB22
:10C76000800000294FF081014FF00206C0F8C0524E
:10C770002046C4F8BC5208BF4FF400773B4600F097
:10C78000FFFB0121022220463B464FF00108A4F89E
:10C79000388000F0F5FB1020A4F84E00822103221F
:10C7A00008232046A4F8788100F0EAFBD4F8D402EC
:10C7B0000027C5F8047204EB8000A4F84C80D0F880
:10C7C000C40200688047C5F81472C5F81872D5F81D
:10C7D00004223AB1207C012188B14023204600F098
:10C7E000E3FB00263046BDE8F081D4F8D4020021F6
:10C7F00004EB8000C0F8C0120220BDE8F0814FF4C5
:10C800000073204600F0D0FB0020BDE8F08100005E
:10C8100080B5D0F8D41200EB8101D1F8C01269B113
:10C82000027C4023002AD1F804224FF0010108BF06
:10C830004FF4007300F0B8FB002080BD032080BDE2
:10C8400039B1D0F8D42200EB8200C0F8C412002025
:10C850007047032070470000D0F8D42200EB82001C
:10C86000D0F8C00218B1C0F80412002070470320AD
:10C870007047000000000000D0F8D43200EB8300C5
:10C88000D0F8C00228B1C0F80812C0F81022002069
:10C89000704703207047000070B582B00446D0F89E
:10C8A000D40200228DF8072004EB8000ADF80420AC
:10C8B000D0F8C062DEB10D46097811F0600218D0E0
:10C8C000202A2DD1EA88002A30D049B2B1F1FF3FA9
:10C8D00035DD6878402A86F80002204628BF4022CD
:10C8E000314686F8012200F0B7F8002660E0032602
:10C8F0005EE068780B2844D80026DFE800F006598F
:10C900004242424242424242303C94F89C02032856
:10C910003DD101A90222204600F0BAF8002647E0E6
:10C920002046294600F08CF8032641E0D0F8C412D6
:10C930006878002200268B682946984738E0D0F8AE
:10C94000C41268788B6831469847EA882046314699
:10C95000072A28BF072200F09BF8002628E094F859
:10C960009C02032819D10DF107010122204600F095
:10C970008FF800261CE094F89C02032813D10026AF
:10C9800016E02046294600F05BF8032610E020461A
:10C99000294600F055F803260AE02046294600F013
:10C9A0004FF8032604E02046294600F049F8032604
:10C9B000304602B070BD000080B5D0F8D41200EB54
:10C9C0008101D1F8C0323BB1D3F8141200294FF0E5
:10C9D000010103D0084680BD032080BDC3F81412B6
:10C9E0008121D3F80822D3F81032C36200F0C0FBD3
:10C9F0000021084680BD000080B5D0F8B8225268FA
:10CA00009047002818BF032080BD000000000000F0
:10CA10000020704700000000002070470000000068
:10CA200080B513460A46002100F0BEFA002080BD02
:10CA300080B513460A46002100F09AFB002080BD15
:10CA400010B58021044600F05BFB00212046BDE8C4
:10CA5000104000F055BB000080B50323C0F89432AD
:10CA60001346C0F858210A460021C0F85C3100F096
:10CA70009BFA002080BD000080B50521C0F894120B
:10CA800000210022002300F08FFA002080BD00006A
:10CA900080B50223C0F89432134682610A46002111
:10CAA000C36100F065FB002080BD000000000000B5
:10CAB00080B50421C0F8941200210022002300F068
:10CAC00057FB002080BD000010B543F248340A46F1
:10CAD000C2F2004402A0214600F0B6F8204610BD84
:10CAE00043444320436F6E66696700000000000006
:10CAF00040F2B8001222C2F200400A8070470000E3
:10CB000010B543F248340A46C2F2004402A021465E
:10CB100000F09AF8204610BD43444320496E7465E6
:10CB2000726661636500000040F2E0000422C2F218
:10CB300000400A807047000010B543F248340A46AE
:10CB4000C2F2004402A0214600F07EF8204610BD4B
:10CB500053544D6963726F656C656374726F6E696F
:10CB6000637300000000000010B543F248340A4629
:10CB7000C2F2004402A0214600F066F8204610BD33
:10CB800053544D3332205669727475616C20436F73
:10CB90006D506F727400000070B54EF60000C1F663
:10CBA000F17002688368D2184FF01A030B802ED000
:10CBB00040F2E40C40686FF00101C2F2004C4FF00B
:10CBC000370E0023140F0CEB01050EEB1276B2F1B9
:10CBD000204F38BF04F13006023112010E292E71A8
:10CBE0006B71EFD10CF1100104224FF0370C0023D0
:10CBF000060FB0F1204F0CEB107538BF06F1300571
:10CC0000013A4FEA001001F8025F4B70F0D140F298
:10CC1000E400C2F2004070BD80B5B0F802C00378F5
:10CC20009C4505D8002080BD73449AB26245F9D274
:10CC300090F800E070444278052AF5D182788A4263
:10CC4000F2D180BD0000000010B5E0B390F800C044
:10CC5000BCF1000F15D0A0F1010E73469C78013392
:10CC6000002CFBD1BCF1000F0ED04FF0000C00BF28
:10CC70009EF802300CF1010C0EF1010E002BF7D1E1
:10CC800004E04FF0000C01E04FF0000C5FFA8CF371
:10CC9000022404EB430313800B7003224A700278D2
:10CCA000002A08BF10BD013802234FF0000C00BF5E
:10CCB000DCB2023344F0010E0A5501F80EC082784E
:10CCC0000130002AF4D110BD80B10023C0F8B83281
:10CCD000C0F8C4320029C0F8D03218BFC0F8B4126E
:10CCE000012180F89C12027000F0D6B80320704732
:10CCF00080B5D0F8C802F7F7E7F940F20032C1007A
:10CD0000C0F20132032822FA01F188BF0321C8B220
:10CD100080BD00000000000080B5D0F8C802F7F721
:10CD2000ABF940F20032C100C0F20132032822FA0E
:10CD300001F188BF0321C8B280BD000000000000DF
:10CD4000B0B5044689B194F89C0203284ED1D4F8BA
:10CD5000B8024269002A49D00020C4F8D402204613
:10CD60009047002808BF0020B0BDD4F894020228E4
:10CD700036D1D4E9071081420DD90B1A204611464D
:10CD80001A46E361FFF754FE0021002200232046EB
:10CD900000F00AF924E00FD1A16981420CD3D4F844
:10CDA0009802814208D20021002220460025FFF788
:10CDB0003FFEC4F89852E7E794F89C02032808D194
:10CDC000D4F8B802C16821B10020C4F8D4022046CA
:10CDD00088478021204600F093F92046FFF74CFE5B
:10CDE00094F8A00210B1002084F8A0020020B0BD89
:10CDF00010B5044669B194F89C0203281DD1D4F8FB
:10CE0000B80282690020CAB1C4F8D4022046904713
:10CE100014E0D4F89402032824D1D4E957039842AB
:10CE200010D9C01AC4F85C019842114638BF0346B5
:10CE300020461A46FFF7F4FD14E00020002808BF42
:10CE4000002010BD94F89C02032808D1D4F8B80241
:10CE5000016921B10020C4F8D40220468847204649
:10CE6000FFF726FE002010BD0020704700000000E4
:10CE700080B5012180F89C12D0F8B82232B1017936
:10CE800052689047002818BF032080BD002080BD55
:10CE9000D0F8C802F7F74CB910B5017809B10020F5
:10CEA00010BD45F28C11C2F20041C0F8C812C1F8A1
:10CEB000E0040020C4F208000860092008714FF463
:10CEC0000070C880022048720020C1F80A00C881A2
:10CED0000846F7F7F9FD08B1F4F70EFF45F28C1498
:10CEE0008021C2F200442046F7F77AF80021402260
:10CEF0002046F7F779F8012180222046F7F774F8E9
:10CF0000002010BD0000000001F07F02D0F8C80230
:10CF100049B202EBC202002900EB820000F2562265
:10CF200048BF00F1160210787047000000000000B2
:10CF300080B5D0F8D42200EB8202D2F8B82242B1F8
:10CF400090F89C32032B02D1126A02B19047002064
:10CF500080BD032080BD000080B5D0F8D42200EB56
:10CF60008202D2F8B82242B190F89C32032B02D14F
:10CF7000526A02B19047002080BD032080BD0000AE
:10CF800080B59446D0F8C8021A466346F7F7DCF835
:10CF900040F20032C100C0F20132032822FA01F14E
:10CFA00088BF0321C8B280BD80B5D0F8C802F7F7AA
:10CFB00003F940F20032C100C0F20132032822FA24
:10CFC00001F188BF0321C8B280BD0000000000004D
:10CFD000F0B581B0012680F89C620025C0F894521B
:10CFE00004464560D0F8B802C4F8A45284F8A052B0
:10CFF00050B142683AB100212046904705460028CA
:10D0000018BF032500E00025002100224023204610
:10D010004027FFF7B5FF8021002240232046A4F8D7
:10D020006461C4F86071FFF7ABFFA68428462762ED
:10D0300001B0F0BD0000000090F89C12042903D15B
:10D0400090F89D1280F89C120020704700000000AC
:10D0500080B590F89C12032905D1D0F8B81211B10F
:10D06000C96901B18847002080BD000000000000B0
:10D07000024600201174704780B5D0F8C802F7F757
:10D080000FFE40F20032C100C0F20132032822FA42
:10D0900001F188BF0321C8B280BD0000000000007C
:10D0A000B0B500F2AA250446284600F075F8012024
:10D0B000C4F8940294F8AA02B4F8B02200F01F0158
:10D0C000C4F89822022908D001290CD089B9204639
:10D0D0002946BDE8B04000F09BB820462946BDE88F
:10D0E000B04000F0B1BA20462946BDE8B04000F09B
:10D0F00067BB00F080012046BDE8B040AFF3008080
:10D1000080B5D0F8C802F7F777F840F20032C100D6
:10D11000C0F20132032822FA01F188BF0321C8B20C
:10D1200080BD00000000000080B5D0F8C802F7F70D
:10D13000D3FD40F20032C100C0F20132032822FACE
:10D1400001F188BF0321C8B280BD000000000000CB
:10D15000014690F89C02042803D091F89C0281F8C3
:10D160009D020020042281F89C22704700000000EC
:10D1700080B5D0F8C802F7F777F840F20032C10066
:10D18000C0F20132032822FA01F188BF0321C8B29C
:10D1900080BD0000000000000A7802704A784270EA
:10D1A0004A8842808A888280C988C180704700008E
:10D1B00010B582B004464FF00000ADF80600B1B1E2
:10D1C000D4F8D40204F52E72C4F8B81252F8200034
:10D1D000C16A21B10DF106008847C4F8D002D4F825
:10D1E000D8020130C4F8D802002002B010BD0320DC
:10D1F00002B010BD00000000D0F8B8220AB11268D9
:10D200001047002070470000FFF78EBF00000000AD
:10D2100070B582B00D460978044611F0600110D057
:10D22000402918BF20292FD1D4F8D402294604EB75
:10D230008000D0F8B8028268204602B0BDE8704095
:10D240001047687809283BD8DFE800F0052A3A44FF
:10D250003A536B3A859794F89C020138022800F201
:10D26000A980E888022840F0F580D4F8A4020322BF
:10D270000028214608BF0122204641F80C2F022237
:10D28000FFF706FC002508E080212046FFF738FF65
:10D29000002120460025FFF733FF284602B070BD6D
:10D2A00094F89C020138022800F28E8068880025DC
:10D2B0000128F2D12046C4F8A452FFF7F9FBECE7AD
:10D2C00080212046FFF71CFF002120460025FFF7A4
:10D2D00017FFE2E76888022800F0AA80012840F0E2
:10D2E000AF800120C4F8A4022046FFF7E1FB00252F
:10D2F000D3E7A888002853D1E888002850D168884F
:10D300007F284DD894F89C12032940F06881802131
:10D310002046FFF7F5FE002120460025FFF7F0FE2E
:10D32000BBE768884FF0FF310022ADF8062001EB23
:10D3300010210E2900F2DC80DFE801F008A0ADDA50
:10D34000DAB9C2DADADADADADADACF00D4F8B41231
:10D35000207C0A68C6E0E88801283FD194F89C0246
:10D36000411E022980F080802146012220460025AE
:10D3700041F8085FFFF78CFB8FE7688843F244357C
:10D38000C2F2004510F0FE0F287031D080212046F7
:10D39000FFF7B6FE00212046FFF7B2FE03257CE72B
:10D3A00080212046FFF7ACFE002120460025FFF734
:10D3B000A7FE72E780212046FFF7A2FE002120464B
:10D3C0000025FFF79DFE68E780212046FFF798FEC5
:10D3D000002120460025FFF793FE5EE780212046CE
:10D3E000FFF78EFE002120460025FFF789FE54E757
:10D3F000C1B294F89C22032A00F09A80022A40F0DD
:10D40000A080002900F0BF8020466160FFF7F4FE95
:10D410000546002800F0F48080212046FFF770FECA
:10D4200000212046FFF76CFE022084F89C0234E7BE
:10D43000687984F8A0022046FFF73AFB00252CE724
:10D4400080212046FFF75CFE002120460025FFF7E3
:10D4500057FE22E780212046FFF752FE002120469A
:10D460000025FFF74DFE18E7032840F07880211DC6
:10D4700001222046FFF70CFB00250EE7207C002848
:10D48000D4F8B8020CBF816AC16A0DF10600884762
:10D49000064602201EE0C0B2052829D8DFE800F0C9
:10D4A00003B7BBBFC3C7D4F8B402426818E0207CFE
:10D4B000F0B9D4F8B802416B0DF10600884714E0CA
:10D4C000207CA8B9D4F8B802016B0DF1060088479A
:10D4D000064607207070012014E0D4F8B402C26937
:10D4E00032B1207C0DF1060190470646012009E08B
:10D4F00080212046FFF704FE002120460026FFF78A
:10D50000FFFD002090B1EA886AB1BDF8060080B343
:10D510009042314638BF02462046ADF80620FFF75C
:10D52000B7FA0025B9E62046FFF7C2FA0025B4E6AF
:10D5300071B36068884237D12046FFF7B9FA0025F9
:10D54000ABE680212046FFF7DBFD00212046FFF7F8
:10D55000D7FD29782046FFF74FFA03259DE6802165
:10D560002046FFF7CDFD002120460025FFF7C8FD2E
:10D5700093E680212046FFF7C3FD00212046FFF7F8
:10D58000BFFD002589E62046FFF792FA002584E6D4
:10D59000022084F89C0220466160FFF72DFA2046A5
:10D5A000FFF786FA002578E6C1B22046FFF724FA95
:10D5B000297820466160FFF71FFE0546D8B3802119
:10D5C0002046FFF79DFD00212046FFF799FD2179B8
:10D5D0002046FFF711FA022084F89C025DE600F075
:10D5E0007F052046294684F89E52FFF745FD2046D8
:10D5F000FFF75EFA1DB3022084F89C0200254CE67A
:10D600002046FFF755FA032084F89C0245E6D4F83B
:10D61000B402826864E7D4F8B402C26860E7D4F860
:10D62000B40202695CE7D4F8B402426958E7D4F85E
:10D63000B402826954E72046FFF73AFA2DE601204A
:10D6400084F89C02002528E670B50E460978044649
:10D65000357911F060010AD0402918BF202921D165
:10D6600020462946FFF7D4F910B3002070BD70782A
:10D6700058B3012844D0032840F08F8094F89C02CE
:10D68000032841D1708840B915F07F0005D0F0889B
:10D6900018B920462946FFF733FD2046FFF708FA60
:10D6A000002070BD80212046FFF72AFD002179E08F
:10D6B000D4F8B80282680020002AC4F8D402D4D07A
:10D6C00020463146BDE87040104794F89C0203287C
:10D6D00024D0022808BF5FEA45605ED105F07F00D4
:10D6E0002A064FF0020200EB800004EB800000F1FC
:10D6F000140158BF00F5AA710020086020465BE0C5
:10D7000094F89C02032814D0022846D1680644D01D
:10D7100020462946FFF7F4FC802143E005F00F0086
:10D72000802D00EB800004EB80001ED2B0F8640175
:10D730001CE07088002898D1680603D0204629464E
:10D74000FFF7D6FA2046FFF7B3F920462946FFF740
:10D750005FF900287FF489AFD4F8B802826800200E
:10D76000002AC4F8D402ABD17FE7808CA8B105F0C1
:10D770007F00802D00EB800004EB800000F1140698
:10D7800038BF00F5AA76680611D020462946FFF773
:10D79000BBFB002818BF01200AE080212046FFF7CC
:10D7A000AFFC00212046FFF7ABFC002070BD00203D
:10D7B0003060022220463146FFF76AF9002070BD32
:10D7C00070B50D460978044611F0600118BF402974
:10D7D00013D194F89C020138022803D8A88810F0CD
:10D7E000FE0F16D080212046FFF78AFC002120463C
:10D7F0000026FFF785FC304670BD2029E9D0802146
:10D800002046FFF77DFC002120460026FFF778FC2C
:10D8100017E0C1B22046FFF7FFF808B103260BE07E
:10D82000D4F8B8028268002AF8D00020C4F8D402E4
:10D830002046294690470646E888002808BF002E63
:10D8400001D0304670BD2046FFF732F9304670BD3A
:10D85000704700000000000043F24850C2F2004050
:10D86000704700000000000010B50A784B78D0F82F
:10D870001CC802F00F044FEA421E012B19D10123EC
:10D8800003FA04F400EB0E0344EA0C04C0F81C484D
:10D89000D3F80009000429D403F510600B798968D6
:10D8A0006FF3DF21046841EA834144EA8252114365
:10D8B00017E04FF4803202FA04F300EB0E0243EA61
:10D8C0000C03C0F81C38D2F8000B00040ED40B79FE
:10D8D00002F5306089686FF3DF21026841EA834115
:10D8E000114341F0805141F400410160002010BD1E
:10D8F0000146D0F8000940F2FF729043C1F80009D8
:10D90000D1F80428002042F48072C1F8042870473E
:10D9100082B002F47F42B2F5807F39D1836B4FF63B
:10D92000BF7223F480338363DDF808C0C368CFF689
:10D93000BD721A40C2605FFA8CF2C368012A23F4F8
:10D940004012C26003D1C26842F48012C260002259
:10D95000009200BF009A01320092009AB2F1706FFB
:10D960003AD80269B2F1FF3FF4DC0022009202696A
:10D9700042F00102026100BF009A01320092009A57
:10D98000B2F1706F28D80269D207F5D1002230E0D9
:10D99000C26842F04002C26000220192019A013244
:10D9A0000192019AB2F1706F18D80269B2F1FF3F8B
:10D9B000F4DC00220192026942F00102026100BF20
:10D9C000019A01320192019AB2F1706F06D8026990
:10D9D000D207F5D1002202E003220AE0032213F469
:10D9E0007F4F836B02D023F4803301E043F4803314
:10D9F000836301F47F01B1F5803F10D1C16D89B21D
:10DA0000C165C16D41F0007141F0F771C165816878
:10DA100041F006018160816841F02001816010467B
:10DA200002B070470000000080B54A780978012AEA
:10DA30004FEA411229D1024447F6000CCEF6334C8E
:10DA40004FF0010ED2F8003902F51062002B07D515
:10DA5000136843F000631360136843F0804313605E
:10DA600001F00F01D0F83C380EFA01F18B43C0F8F9
:10DA70003C38D0F81C3823EA0101C0F81C181168A2
:10DA8000002001EA0C01116080BD831847F6000CEC
:10DA900003F53062CEF6334CD3F8003B0CF1707CCA
:10DAA000B3F1FF3F4FF4803EDADCD1E70000000025
:10DAB0000146D0F8000E20F00300C1F8000E00204F
:10DAC000D1F8042822F00202C1F8042870470000AF
:10DAD0000146D0F8000E20F00300C1F8000E00202F
:10DAE000D1F8042842F00202C1F80428704700006F
:10DAF0002DE9F04F83B01B0C4127002640F827602A
:10DB00000137502FFAD1DDB225B100F138034FF4BF
:10DB100000170FE0D0F80438802743F00203C0F864
:10DB20000438836B23F400138363036843F04003DA
:10DB3000036003461E68374302F47F461F60B6F554
:10DB4000807F4FF00003C0F8003E07D1B3EB116FA8
:10DB5000D0F8003806D043F0010303E0D0F80038D5
:10DB600043F00303C0F8003800230193019B013305
:10DB70000193019BB3F1706F18D80369B3F1FF3FB4
:10DB8000F4DC002301934FF484630361019B4FF0A5
:10DB9000000E01330193019BB3F1706F88BF4FF00A
:10DBA000010E05D803699B06F0D401E04FF0010E89
:10DBB00000230293009500BF029B01330293029B56
:10DBC000B3F1706F18D80369B3F1FF3FF4DC0023A1
:10DBD00002931023036100BF029B4FF0000A013340
:10DBE0000293029BB3F1706F88BF4FF0010A05D812
:10DBF0000469E406F0D401E04FF0010ACCB24FF022
:10DC00000008C0F81088C0F81488C0F81C88A4B3B5
:10DC100000F510664FEA441B4FF67F39002400BF21
:10DC20004FF09047002C08BF4FF00067335935196B
:10DC300007EAE37333512034C5F81080A345C5F8D3
:10DC40000890EDD100F530664FF000094FF67F34B3
:10DC5000002700BF4FF09043002F08BF4FF0006334
:10DC6000F55906EB070C03EAE573F3512037CCF8BE
:10DC70001090BB45CCF80840ECD1D0F8103811F426
:10DC80007F0F23F48073C0F81038C0F818806FF04D
:10DC90008041416103D1816941F01001816143F606
:10DCA00000038169C8F23C0312F47F0F41EA0301CB
:10DCB0008161009A03D0816941F008018161012AE4
:10DCC00005D1816941F0804141F0040181614EEA52
:10DCD0000A0003B0BDE8F08F01468268002022F000
:10DCE00001028A607047000043F20B03D0F840C085
:10DCF000C4F654739C4503D3D0F8003B002B1ED4CC
:10DD00000023C0F8103BD0F8103B012943F4002356
:10DD1000C0F8103BD0F8103B43F01803C0F8103B9C
:10DD2000D0F8103B43F0C041C0F8101B07D1C0F839
:10DD3000142BD0F8001B41F08021C0F8001B0020FC
:10DD400070470000000000004A780B78012A4FEA73
:10DD5000431210440DD1D0F8002922F40012C0F86B
:10DD60000029097901F0FE01022913D100F51060A4
:10DD70000CE0D0F8002B22F40012C0F8002B097937
:10DD800001F0FE01022905D100F53060016841F083
:10DD900080510160002070470A784B785101012BB7
:10DDA000084406D1D0F80019002900F5106106D505
:10DDB0000BE0D0F8001B002900F5306105D4002AE3
:10DDC0001EBF086820F0804008600A68002042F406
:10DDD00000120A607047000070B54B7891F800C0DF
:10DDE000012B2BD100EB4C1E0C69002C0EF510639F
:10DDF000DEF810594ED06FF312051D611D69BCF19C
:10DE0000000F6FF3DC451D618D6859D02C441E69ED
:10DE1000013CB4FBF5F40025C1F6F87505EAC445EC
:10DE200035431D610D79012D52D14FF0C0461D695A
:10DE300006EA447425F0C0451D6146E000EB4C1332
:10DE4000BCF1000FD3F8106B6FF31206C3F8106B20
:10DE5000D3F8106B6FF3DC46C3F8106B03F5306337
:10DE60000D6922D0002D8C6800F08A802E19013EA9
:10DE7000B6FBF4F6B5B205FB04FC0025C1F820C0E2
:10DE8000C1F6F87505EAC6461D696FF3DF4C2E43EF
:10DE90001E617CE06FF3DC451D611C6944F40024C5
:10DEA0001C611C696FF3120417E0002D1CBF8E6803
:10DEB0000E618E680E626FF3DF461D692E4363E0CC
:10DEC000AC4200D90D614FF400241D692C431C6144
:10DED0000C691D696FF3DF442C43012A1C6115D1C5
:10DEE000CA69002A18BFCEF814290979012966D118
:10DEF000D0F80808C0054FF0805058BF4FF00050D0
:10DF0000DEF800190843CEF8000958E000F5106368
:10DF10004FEA4C141E5946F004461E510E79012E4C
:10DF200023D1D0F80868F6054FF0805658BF4FF05F
:10DF30000056E558002A45EA0602E25013D10A8A43
:10DF40008AB1D31CCE689D08012200F580504FEAAB
:10DF50000C31012D88BF9A08331F00BF013A53F8D6
:10DF6000046F0E50FAD1002070BD09690029FAD063
:10DF70000CF00F01012202FA01F100F6340320E057
:10DF80006FF3DF441E6926431E614FF4002C1E69A7
:10DF9000012A46EA0C021A6103D1CA68002A18BF96
:10DFA0005A61097901290AD1D0F80808C0054FF053
:10DFB000805058BF4FF000501968084318604FF068
:10DFC0000441186808431860002070BD000000007C
:10DFD00081B0002200924A780978012A4FEA411163
:10DFE0001AD100F510604258B2F1FF3F2DDC0A58FB
:10DFF00042F000620A500A5842F080420A5042F24F
:10E00000107200BF009B01330093009B93421FD806
:10E010000B58002BF6D418E000F530604258B2F1EE
:10E02000FF3F12DC0A5842F000620A500A5842F0E0
:10E0300080420A5042F21072009B01330093009B11
:10E04000934205D80B58002BF6D4002001B070473E
:10E05000012001B07047000001468268002042F0B4
:10E0600001028A607047000081B00022009200BF68
:10E07000009A01320092009AB2F1706F15D80269CD
:10E08000B2F1FF3FF4DC89010022009220310161EE
:10E090000099013100910099B1F1706F05D80169C3
:10E0A0008906F5D4002001B07047032001B0704705
:10E0B000D0F8081888074FF0020001F0060158BF99
:10E0C0000F20002908BF084670470000000000002C
:10E0D000406900F001007047D0F81818D0F81C080B
:10E0E000084080B270470000D0F81818D0F81C081B
:10E0F0000840000C70470000D0F810C8D0F8343841
:10E1000001F00F0200EB411023FA02F2D201D0F825
:10E110000809D1B241EA0C01084070470000000034
:10E1200000EB4111D1F8081BD0F8140808407047E3
:10E13000416980690840704780B5930802F0030E7A
:10E140000DD004394FF4805C012B98BF012300BF30
:10E15000013B50F80C2041F8042FF9D10431BEF1F5
:10E16000000F0ED04FF4805200238058AEF1010E04
:10E1700020FA03F201F8012B5FEA0E4203F10803D3
:10E18000F4D1084680BD0000B0B50446C06820F058
:10E19000C040E06091B1012926D1E068002540F03F
:10E1A0000050E0600A20F5F703FD6069C00705F143
:10E1B0000A0014D1BE2D0546F4D310E0E068002516
:10E1C00040F08040E06000BF0A20F5F7F1FC606994
:10E1D000C00705F10A0002D0BE2D0546F4D3C838A9
:10E1E000B0FA80F04009B0BD0120B0BD00000000D1
:10E1F0000246D0F8000820F4FE6001F07F01C2F86A
:10E2000000080020D2F8003843EA0111C2F80018D3
:10E210007047000000000000022A02460DD145F2BE
:10E22000403043F20053CFF62770C0F20C0308448D
:10E2300098420DD24FF4705101E04FF41051D06864
:10E2400020F47050D060D36800201943D16070472B
:10E2500041F6406044F24023CFF61B70C0F20F033A
:10E260000844984202D24FF46051E8E7A1F57400E7
:10E2700044F68073A0F51050C0F21203984202D207
:10E280004FF45051DBE7A1F183704DF22063A0F50C
:10E29000E740C0F21303984202D24FF44051CEE758
:10E2A0004BF260604EF26033CFF6E560C0F21603C9
:10E2B0000844984202D24FF43051C0E74DF200308A
:10E2C00047F24073CFF6CE60C0F21B030844984279
:10E2D00002D24FF42051B2E745F6C03049F2C013E4
:10E2E000CFF6B360C0F221030844984202D24FF443
:10E2F0001051A4E7A1F1B77047F22053A0F5585090
:10E30000C0F23803984202D24FF4005197E745F229
:10E31000E04049F6E043CFF65960C0F241030844BB
:10E320004FF4C051984238BF4FF4E05187E70000E6
:10E3300010B5DDF808C0BCF1000F14D19BB103F19A
:10E34000030C00F580544FEA9C0E0123120304399C
:10E35000BEF1010F88BF4FEA9C0300BF013B51F89B
:10E36000040F1051FAD1002010BD00000000000081
:10E3700082B046F2357545F6C800C2F2004546F255
:10E380003001C2F20040C2F200414FF48072002618
:10E390002E70F9F76DFB43F268770DF10704C2F2B6
:10E3A00000474FF0000A4FF000084FF0000B4FF00D
:10E3B000000902E08DF807602E70386800224FF4E3
:10E3C0007A73214601F080F90028F3D144F2947267
:10E3D0002978C2F200429DF80700062902F80900D8
:10E3E00009F101090ED8DFE801F00441131D2E4B9D
:10E3F0005200A0F1AA018046B1FA81F18346490991
:10E400002970DAE7AD222CA02CA100F041FAD4E764
:10E4100046F214718044C2F20041C34408700320E4
:10E420002870CAE71E283DD846F214720421C2F2B1
:10E430000042002880444FF0000A5070C34408BFD7
:10E4400005212970B9E746F214728044C2F20042F5
:10E45000C34452FA8AF10AF1010A5FFA8AF3527848
:10E4600088709342A9D105202870A6E7A0F1FF018A
:10E470008044B1FA81F1C3444909490029709CE7FD
:10E480005FFA88F181420FD10620287095E75FFA84
:10E490008BF181420AD146F21470C2F2004000F0C2
:10E4A000EBFA04E02E7088E72E7086E72E704FF0AE
:10E4B000000B85F800B080E7300000002E2E2F43BF
:10E4C0004F4D4D554E49434154452F55617274325D
:10E4D0006C696E6B2E63000090B046F204066C46C9
:10E4E000C2F2004640F6C41B04F10409B71CC2F294
:10E4F000004B00BF43F26C700022C2F200404FF0AC
:10E50000FF3331464FF0000A00684FF0FF3801F04A
:10E51000DBF875784FF6AA70ADF8000030788DF80A
:10E520000200484639462A468DF80350F1F70FFF9E
:10E530006FF00300411B002004EB080208F1010802
:10E5400001EB0803527892445A1C5044F4D1A91D9F
:10E55000CAB254FA81F3214603F8010C45F6C8000B
:10E56000C2F2004003F802ACFAF7C2FADBF800008E
:10E570004FF0FF3101F084F9BCE70000000000001B
:10E58000FEE700000000000070B50D46242116468D
:10E590000446F1F7F5FE012E95ED021A10D1B1EE09
:10E5A000412A95ED000A84ED012A95ED012A84EDBA
:10E5B000022AB1EE422A84ED031AB1EE401A0FE0AE
:10E5C00095ED012AB1EE410AB1EE423A84ED011A0D
:10E5D00095ED001A84ED023A84ED030AB1EE410A8A
:10E5E00084ED051A84ED062A84ED070A70BD00004B
:10E5F000C0F30721DFED7E1A01EE101AC1B2C0F39D
:10E60000074003EE100AB8EEC12A01EE101A45F2D7
:10E61000F860C2F20040B8EEC33AB8EEC15A9FEDBE
:10E62000731A82EE014A83EE017A85EE016A84FE56
:10E63000072A84FE473AC6FE020A86FE432AB0EE47
:10E64000613AF5EE400A30EEC25A9FED672A80FE2D
:10E65000020AB7EE002AF1EE10FAC5EE202A18BF22
:10E66000B0EE623A80FE420A80ED025AB5EE403AC0
:10E6700080ED013AF1EE10FA39DDB4EE606AF1EEA8
:10E6800010FA04D134EE474A84EE054A18E0B4EE9D
:10E69000604AF1EE10FA06D137EE464A84EE054A9A
:10E6A000B0EE005A0AE0B4EE607AF1EE10FA09D149
:10E6B00036EE444A84EE054AB1EE005A34EE054A7D
:10E6C00080ED004A90ED004A9FED4A5A24EE054A3B
:10E6D0009FED495A34EE056AB5EE404AF1EE10FA64
:10E6E000B8BFB0EE464AC4EE051A80ED004AB5EE5A
:10E6F000403AC0ED001AF1EE10FA80ED020A30DD6A
:10E70000B1EE084AF4EE421AF1EE10FA9FED385AD3
:10E71000B0EE427A21EE844A05FE045ABBFE454A19
:10E7200035EE444ABFFEC55A34EE426A15EE100A71
:10E73000A3EE067A32EE436A0138042820EE065A28
:10E7400020EE076A2DD8A3EE442A20EE024ADFE825
:10E7500000F0032F363D4400B0EE452AB0EE403ABB
:10E7600005E0B0EE402AB0EE403AB0EE404A24EE6A
:10E77000010A46F2F06023EE013AC2F2004022EEB6
:10E78000011ABCEEC00ABCEEC32ABCEEC11A10EEE0
:10E79000101A017012EE101A417011EE101A8170E9
:10E7A0007047B0EE452AB0EE463AB0EE404ADEE79A
:10E7B000B0EE462AB0EE403AB0EE454AD7E7B0EEAA
:10E7C000402AB0EE443AB0EE454AD0E7B0EE402AD7
:10E7D000B0EE453AB0EE464AC9E7B0EE442AB0EE94
:10E7E000453AB0EE404AC2E70AD7233C00007F43D7
:10E7F00000000000000070420000B4430000000070
:10E8000070B5A0F1040CA1F1040E111F002300BF8C
:10E810000F200A467446654695ED010A94ED011AEB
:10E8200030EE010A161D04350434013882ED010A68
:10E830003246F1D101330CF13C0C0F2B0EF13C0EA2
:10E8400001F13C01E4D170BD70B5A1F1040CA2F15D
:10E85000040E021F002300BF0321104674466546C4
:10E8600095ED010A94ED011A30EE010A061D0435FA
:10E870000434013980ED010A3046F1D101330CF145
:10E880000C0C032B0EF10C0E02F10C02E4D170BD46
:10E8900040F2701040F21F0CC2F20040C2F68A7CB7
:10E8A0004FF0500383F31188BFF36F8FBFF34F8F87
:10E8B000C0E900C1826002A004F088FBFEE700BF4F
:10E8C000417373657274206661696C656420257399
:10E8D0003A25640A0000000070B50446007802285A
:10E8E00011D0012831D160889FED611A00EE100A25
:10E8F00045F6AC30C2F20040B8EE400A80EE010AA4
:10E9000080ED000A21E0A078242814D0262816D112
:10E9100043F2CD200021C2F200400022C4F2FE22C8
:10E92000017044F2C870C2F20040C0E90022816068
:10E93000F2F792FC09E043F2CD20012102E043F21C
:10E94000CD200021C2F200400170207844F2DC7634
:10E95000C2F20046502826D0512849D143F2CC219A
:10E96000C2F200410978002944F2C871C2F20041A4
:10E970000DD1627900EE102AB8EE400A81ED010A4D
:10E98000A27800EE102AB8EE400A81ED000AA279C2
:10E990005028E379A2EB030200EE102AB8EEC00A79
:10E9A00081ED020A24D140F208150020C2F2004590
:10E9B00008222946287243F26520C0F60D206860BF
:10E9C00046F27730C2F67220286045F63400C2F273
:10E9D0000040FAF78DF845F2F8000822C2F2004034
:10E9E0004FF47A732946F9F7B7FF30780130307069
:10E9F0002078412822D1208948F21F51C5F2EB111D
:10EA0000A0FB010260895209A0FB010100EE102A5F
:10EA100046F67430C2F201404909B8EEC00A80EDF2
:10EA2000000A00EE101A46F284703178C2F20040FB
:10EA3000B8EEC00A80ED000A481C307020784828E3
:10EA400008D143F2CC203178C2F20040012202709A
:10EA5000481C30702078462818BF70BD43F2CC2087
:10EA60003178C2F2004000220270481C307070BD44
:10EA70000000C8420000000010B5044640B945F24D
:10EA8000445111A0C0F6010140F26932FFF700FFC6
:10EA900060781F2808D345F244510CA0C0F601014C
:10EAA00040F26A32FFF7F4FE44F290700022C2F2A4
:10EAB00000404FF0FF332146006800F099FE002827
:10EAC00018BF012010BD00BF70000000702D3E6413
:10EAD0006174614C656E203C3D2041544B505F4D4C
:10EAE00041585F444154415F53495A45000000007A
:10EAF00088B044F290756C46C2F200452868002246
:10EB00004FF0FF33214600F0DFFD2046FFF7E4FE23
:10EB1000F4E70000000000008EB040F2041845F653
:10EB2000294B4DF20A7445F628494CF6CD4AC2F2FB
:10EB30000048CCF28F2BC0F2A3049FEDBC8A06AE36
:10EB40009FEDBB9AC0F28F299FEDBAAACCF6CC4AB2
:10EB50009FEDB9BA9FEDB9CA9FEDB9DA9FEDB9EA59
:10EB6000DFEDB99A0BE000BFD8F800000130411C7E
:10EB700008BF0120C8F80000012000F05DFDD8F8B2
:10EB8000000000FB0BF04FEA3010A04240D843F2E7
:10EB90000C35C2F20045284600F0E2F9F0EE480AD2
:10EBA000B0EE491AF0EE4A1AB0EE4B2A95ED000A83
:10EBB00095ED01FAD5ED028A20208DF8180000F0BD
:10EBC00047FAB0EE4F0AF0EE480AB0EE491AF0EEFE
:10EBD0004A1AB0EE4B2AADF81A0000F039FAB0EE3E
:10EBE000680AF0EE4C0AB0EE491AF0EE4D1AB0EE9B
:10EBF0004E2AADF81C0000F02BFAADF81E0000F014
:10EC0000A7F908900A208DF81900304602F0C8F9DB
:10EC1000D8F800004AF61461C0F2471100FB0BF06F
:10EC20004FEAF000884276D846F68805C2F20145E0
:10EC3000284600F061F995ED000AF22020EE0A2A3C
:10EC400095ED013A23EE0A3A95ED024A8DF8180047
:10EC5000BDEEC22A95ED061B95ED040B12EE100ACF
:10EC6000BDEEC32A24EE0A3A8DF81A00BDEEC11B90
:10EC7000010A8DF81B10020C8DF81C20000E8DF877
:10EC80001D0012EE100ABDEEC32ABDEEC00B8DF8BA
:10EC90001E00010A8DF81F10010C8DF8201012EED5
:10ECA000101A000E8DF82100E8688DF822100A0A6B
:10ECB0008DF823200A0C8DF82600090E8DF82510FA
:10ECC000010A8DF82710010C8DF82810000E8DF820
:10ECD000290011EE100A8DF824208DF82A00010A6F
:10ECE0008DF82B10010C8DF82C10000E8DF82D00D6
:10ECF00010EE100A8DF82E00010A8DF82F10010C6D
:10ED00008DF83010000E8DF8310018208DF81900A4
:10ED1000304602F045F9D8F8000000FB0BF04FEA4E
:10ED2000B000484552D846F23015C2F20045284698
:10ED300000F0CEF895ED000A95ED011A20EE290AB3
:10ED400041F2080121EE291AADF8181095ED022ABA
:10ED5000E868BDEEC00A8DF8220010EE101ABDEE74
:10ED6000C10A8DF81A100A0A8DF81B200A0C8DF8BA
:10ED70001C20090E8DF81D1010EE101A22EE290A23
:10ED80008DF81E10BDEEC00A0A0A0B0C8DF81F206C
:10ED9000090E8DF82110010A8DF82310010C8DF851
:10EDA0002410000E8DF8250010EE100A8DF820308A
:10EDB0008DF82600010A8DF82710010C8DF8281017
:10EDC000000E8DF82900304602F0EAF8D8F800006D
:10EDD00049F69911C1F6991100FB0AF04FEA70004B
:10EDE00088423FF6C1AE44F27875C2F2004528462B
:10EDF00000F062F844F6D417C2F20047384600F03B
:10EE00009BF8286805902B1DA446B6463C680ECB9F
:10EE100005980094D7E90165FF6864460196764637
:10EE2000CDE9025701F030FD9EE600BF0000000072
:10EE300000007F4300007A440000FA4400007FC3D2
:10EE4000008089440080ED440000C84200000000BA
:10EE500040F29C100021C2F20040016070470000A7
:10EE600091ED002A91ED013A91ED024A90ED025A9E
:10EE700090ED006A90ED017A25EE430A66EE440AB1
:10EE800027EE421AA7EE040AE5EE020AA6EE031ADE
:10EE9000704700000000000080B582B0019045F28C
:10EEA000F800C2F2004001A901224FF6FF73F9F702
:10EEB00053FD019802B080BD40F28C11C2F20041B6
:10EEC00091E80C10C968C16080E80C107047000020
:10EED000B0B546F6A80100F10807C2F2014101F100
:10EEE0000805D1E900CE3CCD3CC7C0E900CED1E950
:10EEF0000621C0E90621B0BDB0B546F6D80100F143
:10EF00000807C2F2014101F10805D1E900CE3CCD6C
:10EF10003CC7C0E900CED1E90621C0E90621B0BD59
:10EF200040F6E411C2F20041D1E900238968816012
:10EF3000C0E900237047000041F24021C2F20041C5
:10EF400091E80C10C968C16080E80C10704700009F
:10EF500040F29C10C2F200400068704700000000C0
:10EF600080B544F2C871C2F2004191E80C500969C1
:10EF7000016180E80C5080BD4DF6933443F2CC25FE
:10EF8000C0F27004C2F2004506E000BF3C21062238
:10EF90000023204602F068FD2878012802D00028CE
:10EFA000F4D0F9E70A2108220123F2E7000000006B
:10EFB000F4F712FFFBF7E0FFFAF79EFCFAF708FA06
:10EFC000FAF72EFFFAF7E8FCFAF75AFDFAF770FFA6
:10EFD000FAF772FDFAF754FEFAF71EFDFBF740F858
:10EFE000FAF7AEFFFAF7F4FFFBF782F845F2E874A0
:10EFF0000821C2F200442046F8F726FC0C212046E6
:10F00000F8F722FC02F008FD4FF47A60F4F7D0FD27
:10F0100045F2F80045F6B031C2F20040C2F20041BC
:10F020004FF48062F8F750FD45F6C80046F2300113
:10F03000C2F20040C2F200414FF48072F8F718FDAE
:10F0400000F00AFBFAF728FA00F01EFBFEE70000CA
:10F0500030EE600A32EE612A31EE601A20EE020ACA
:10F0600080EE010A30EE210ABDEEC00A10EE100A51
:10F0700070470000000000002DE9F04F94B0B7EE9B
:10F08000000A0DF1080B0C1FABF1040500239FEDE6
:10F09000571A0090019500BF00262F46214600BF59
:10F0A000B34206F1010651F8042F47F8042F00FE81
:10F0B000012A032E87ED032AF2D101330C34032BEE
:10F0C00005F11805E8D1DDF80490ABF1180E002623
:10F0D0000621CA46CC460CE00EF11C0E09F11809B7
:10F0E0000139B8F1030F0CF11C0C0AF1040A464671
:10F0F00068D0012E06F10108334617D877464546F9
:10F10000334600BF03EB430297ED0C0A18370BEBB5
:10F11000C20202EB860292ED001AB4EE410AF1EE51
:10F1200010FAC8BF2B460135032DEBD1B3420FD0E7
:10F1300003EB43020198062500EBC2034A4600BFD9
:10F1400052F8044F53F8047F013D17601C60F7D15B
:10F1500006EB460263460BEBC20202EB860292ED1F
:10F16000000A0A4693ED011A1C1D81EE001A013AAD
:10F1700083ED011A2346F5D10027524604E000BF73
:10F1800001371832032FA7D0B742F9D007EB470356
:10F1900064460D460BEBC30303EB860393ED000AB5
:10F1A0001346B1EE400A00BF94ED011A93ED012A17
:10F1B000A0EE012A181D0434013D83ED012A034607
:10F1C000F2D1DDE700986FF017010C380BEB01026C
:10F1D00018313029D2E9093740F80C3FD26A47602C
:10F1E0008260F3D114B0BDE8F08F00BF00000000D2
:10F1F00010B583B0A1F1040E00229FED100AEC4679
:10F20000B0EE401A6FF00303714600BFC41891EDD1
:10F21000013A0433043194ED012A082BA2EE031ABB
:10F22000F4D10CEB82010132032A00F10C0081EDD4
:10F23000001AE5D1BDEC030A10BD00BF00000000BC
:10F2400010B5A2F1040C4FF0000E9FED100A00BFA4
:10F25000B0EE401A6FF00302634600BF8C1893EDC6
:10F26000013A0432043394ED012A382AA2EE031A3B
:10F27000F4D100EB8E020EF1010EBEF10F0F01F181
:10F280003C0182ED001AE3D110BD00BF0000000078
:10F2900010B5A2F1040C4FF0000E9FED100A00BF54
:10F2A000B0EE401A6FF00302634600BF8C1893ED76
:10F2B000013A0432043394ED012A082AA2EE031A1B
:10F2C000F4D100EB8E020EF1010EBEF10F0F01F131
:10F2D0000C0182ED001AE3D110BD00BF0000000058
:10F2E00010B583B0A1F1040E00229FED100AEC4688
:10F2F000B0EE401A6FF00303714600BFC41891EDE1
:10F30000013A0433043194ED012A382BA2EE031A9A
:10F31000F4D10CEB82010132032A00F13C0081EDB3
:10F32000001AE5D1BDEC030A10BD00BF00000000CB
:10F330002DE9F041A0F10408A1F13C0C4FF0000EC2
:10F34000002100BF00236446C1EB01100F262746B1
:10F3500002EB800000EB830540F823E0404600BF4D
:10F3600090ED010A97ED0F1A95ED002A0430A0EEFA
:10F37000012A3C37013E85ED002AF1D101330434E6
:10F380000F2BE1D1013108F13C080F29DAD1BDE89A
:10F39000F0810000000000002DE9F041A1F1040817
:10F3A000A2F13C0C4FF0000E9FED150A002200BFA9
:10F3B00000236446C2EB0211B0EE401A0F26274626
:10F3C00000EB810101EB830541F823E0414600BFDA
:10F3D00091ED012A97ED0F3AA2EE031A04313C3762
:10F3E000013EF5D1013304340F2B85ED001AE1D134
:10F3F000013208F13C080F2ADAD1BDE8F08100BFE4
:10F4000000000000000000002DE9F041A1F1040817
:10F41000A2F10C0C4FF0000E9FED150A002200BF68
:10F420000023644602EB4201B0EE401A0F26274645
:10F4300000EB810101EB830541F823E0414600BF69
:10F4400091ED012A97ED033AA2EE031A04310C372D
:10F45000013EF5D101330434032B85ED001AE1D1CF
:10F46000013208F13C080F2ADAD1BDE8F08100BF73
:10F4700000000000000000002DE9F041A1F10408A7
:10F48000A2F13C0C4FF0000E9FED150A002200BFC8
:10F4900000236446C2EB0211B0EE401A0326274651
:10F4A00000EB810101EB830541F823E0414600BFF9
:10F4B00091ED012A97ED0F3AA2EE031A04313C3781
:10F4C000013EF5D1013304340F2B85ED001AE1D153
:10F4D000013208F10C080F2ADAD1BDE8F08100BF33
:10F4E00000000000000000002DE9F041A1F1040837
:10F4F000A2F10C0C4FF0000E9FED150A002200BF88
:10F500000023644602EB4201B0EE401A0326274670
:10F5100000EB810101EB830541F823E0414600BF88
:10F5200091ED012A97ED033AA2EE031A04310C374C
:10F53000013EF5D101330434032B85ED001AE1D1EE
:10F54000013208F10C080F2ADAD1BDE8F08100BFC2
:10F5500000000000000000002DE9F041A1F10408C6
:10F56000A2F10C0C4FF0000E9FED150A002200BF17
:10F570000023644602EB4201B0EE401A0F262746F4
:10F5800000EB810101EB830541F823E0414600BF18
:10F5900091ED012A97ED033AA2EE031A04310C37DC
:10F5A000013EF5D101330434032B85ED001AE1D17E
:10F5B000013208F13C08032ADAD1BDE8F08100BF2E
:10F5C00000000000000000002DE9F041A1F1040856
:10F5D000A2F10C0C4FF0000E9FED150A002200BFA7
:10F5E0000023644602EB4201B0EE401A0326274690
:10F5F00000EB810101EB830541F823E0414600BFA8
:10F6000091ED012A97ED033AA2EE031A04310C376B
:10F61000013EF5D101330434032B85ED001AE1D10D
:10F62000013208F10C08032ADAD1BDE8F08100BFED
:10F630000000000000000000EFF3058100291CBF5E
:10F640006FF00500704720B180B501F0B5FF0020D4
:10F6500080BD002070470000EFF3058000281CBF2C
:10F660006FF00500704741F2A040C2F2004001680F
:10F6700000291CBF4FF0FF307047012101600020BE
:10F68000704700000000000010B5EFF3058000286F
:10F690001CBF6FF0050010BD41F2A040C2F2004057
:10F6A000016801290BD14EF61F510024CEF2000152
:10F6B0000C700221016002F0F3F8204610BD4FF0FB
:10F6C000FF3010BD0000000010B582B0B0FA80F22B
:10F6D000EFF305844FEA521C002CB1FA81F21C466C
:10F6E0004FEA521242EA0C0219D0002C18BF012432
:10F6F000224315D10022019201AA02F051FF0128F4
:10F700001AD10198A8B14EF604504FF08051CEF2B4
:10F7100000000160BFF34F8FBFF36F8F09E01AB194
:10F720006FF0030002B010BD224602F065FE012812
:10F7300006D1002002B010BD6FF0020002B010BD73
:10F740006FF00100002C08BF6FF0020002B010BD86
:10F75000B0B582B0144600250029EFF3058218BF2A
:10F76000002802D1284602B0B0BD002AFAD19CB1CF
:10F77000A568D5B1E268502A16D32269A2B101FB6F
:10F7800000F2636993424FF000024FF0000328BF7C
:10F79000012210D24DB10EE0012300226AB9BBB1A3
:10F7A000002202F061FB0EE01DB9E2680AB922698D
:10F7B000C2B100220023002AF1D0A36800252269EB
:10F7C000009502F095FB05462DB134B1216805E0A6
:10F7D0000025002DF9D10025C4E70021284601F0BD
:10F7E0008FFEBFE76269B2FA82F25309D5E70000E3
:10F7F000B0B582B0B0FA80F2EFF30585B1FA81F4CA
:10F8000052096409002D1D4642EA040207D0002D6A
:10F8100018BF01252A4306D06FF003042CE0CAB1BB
:10F820006FF0030428E00022019201AA002302F0F5
:10F83000DBFC01281CD10198E8B14EF604504FF0D2
:10F840008051CEF2000000240160BFF34F8FBFF360
:10F850006F8F11E000232A46002402F0B9FB012833
:10F860000AD06FF00104002D08BF6FF0020403E01E
:10F870006FF0020400E00024204602B0B0BD00009A
:10F8800010B582B020B10C46EFF3058121B184B1EF
:10F890006FF0030002B010BD214602F0E5FE012822
:10F8A0001CD06FF00100002C08BF6FF0020002B006
:10F8B00010BD0021019101AA002102F071FE012872
:10F8C0000FD1019850B14EF604504FF08051CEF256
:10F8D00000000160BFF34F8FBFF36F8F002002B0B5
:10F8E00010BD6FF0020002B010BD0000000000006B
:10F8F00070B582B00D4681424FF00006EFF30581EE
:10F9000054D8002852D0002950D1144692B1A3688F
:10F910005BB1E668002100224F2E88BF0122502EE5
:10F9200038BF01214F2E07D833B9E168002918BF2D
:10F93000012100E00021002209B1002636E0012863
:10F9400009D172B1A368012000210022032600968C
:10F9500002F0CEFA0AE0DAB1A268294602F05CFAB7
:10F9600019E001200021032202F07EFA0646002D54
:10F9700018BF002E10D0002100220023304602F0D4
:10F9800027FB012808D0304601F0CEFD002603E019
:10F99000294602F01DFA064616B11CB1216802E0A4
:10F9A000002603E00021304601F0AAFD304602B0F7
:10F9B00070BD00000000000080B582B0C8B1EFF358
:10F9C0000581D1B10021019101A902F0B5FC012806
:10F9D0001ED1019850B14EF604504FF08051CEF236
:10F9E00000000160BFF34F8FBFF36F8F002002B0A4
:10F9F00080BD6FF0030002B080BD00210022002313
:10FA000002F0E6FA013818BF6FF0020002B080BDC4
:10FA10006FF0020002B080BD70B584B08E46002841
:10FA20004FF000010391EFF305814DD000294BD138
:10FA300022B39369002B08BF1823382B1BD81179E8
:10FA4000C90718D1556994684FEA950C002D08BF75
:10FA50004FF0800C116844B1D668602E04D316694B
:10FA6000002E18BF002D20D10CB9D468C4B10025D8
:10FA7000002455B91DE0002004B070BD0124002110
:10FA800018234FF0800C00259DB1946812690294F0
:10FA9000CDE900326246734602F092FF039013E014
:10FAA0001469B4FA84F46409EDE700240125002DFB
:10FAB000EBD14CB11FFA8CF2009303AB0193734668
:10FAC00002F00EFF012802D1039804B070BD00209F
:10FAD000E4E7000000000000F0B5C178002908BF8D
:10FAE000F0BD01440430043144F22F0342F2300CE3
:10FAF0009FED320A44F2200E44F2300448F2200511
:10FB00000AE000BFA74221D0AF4208BF0C2E47D069
:10FB100030440330884250D2068836BA370C867893
:10FB20009F42EFDC674521D0774508BF0C2EEFD10F
:10FB3000D0F803703FBAD760D0F807703FBA1761AA
:10FB4000D0F80B703FBA5761E2E700BF0C2EDFD14F
:10FB5000D0F803703FBA9761D0F807703FBAD76109
:10FB6000D0F80B703FBA1762D2E700BF0C2ECFD18E
:10FB7000D0F803703FBA1760D0F807703FBA5760EB
:10FB8000D0F80B703FBA01EE107A9760B5EE401ACC
:10FB9000F1EE10FABCDA31EE001A82ED021AB7E784
:10FBA000D0F803703FBA5762D0F807703FBA976237
:10FBB000D0F80B703FBAD762AAE7F0BD0000B4439B
:10FBC000002180ED000AC0E90111C0E9031100F134
:10FBD000140180ED0D2AC1EC030A0021C4F2FA31B0
:10FBE000C0E90B1170470000B0B5012900EB01041A
:10FBF00021DB054604E000BF28460135A5421AD2A4
:10FC000029780D2918BF0A29F7D1854202D0291A6F
:10FC100000F01AF8A542EFD2601B03E0013805F1AD
:10FC2000010505D029780D29F8D00A29F6D0E3E797
:10FC300025462046E1E7A04228BFB0BD211ABDE815
:10FC4000B04000F001B8000070B5E0B0FE2948D81F
:10FC50000C4620AD014628462246F0F778FB0020EE
:10FC600028552A212846F0F7ABFBD0B32919091AE9
:10FC7000032936D14278A2F13001CBB20A2B4FF0E2
:10FC80000003037010D3A2F16101C9B2052902D8A3
:10FC9000A2F1570108E0A2F14101CBB24FF0FF31D0
:10FCA000062B38BFA2F137018278A2F13000C3B22F
:10FCB0000A2B10D3A2F16100C0B2052802D8A2F12C
:10FCC000570008E0A2F14100C3B24FF0FF30062B0D
:10FCD00038BFA2F13700CAB2FF2A1CBFC2B2FF2A46
:10FCE00001D160B070BD40EA0110C5B2FF2DF8D05F
:10FCF00020AE3046F0F74FFB012810DB45F29C2385
:10FD0000721E0021C0F60103C9B212F8014F01387A
:10FD100081EA0401595CF7D1A942E2D102E0002155
:10FD2000A942DED19DF880300C9683B1701C01246D
:10FD300000210CAA2C2B04D142F82400013400F835
:10FD4000011C10F8013B1BB1142CF3DB00E0012473
:10FD50000C2C05DB0C984BA1F0F724FB002843D0BA
:10FD60000A2CBEDB0C9848A1F0F71CFB0028B8D188
:10FD70000E9803F035FCB7EEC00B0F988DED040A1A
:10FD800003F02EFCB7EEC00B10988DED050A03F0C2
:10FD900027FCB7EEC00B8DED060AFFF7D9F80790E8
:10FDA000129803F01DFCB7EEC00B13988DED010AFD
:10FDB00003F016FCB7EEC00B14988DED020A03F0A9
:10FDC0000FFCB7EEC00B40F6BC10C2F2004004A915
:10FDD0000022002300688DED030AFFF709FD40F6BD
:10FDE000B810C2F2004044E00D9803F0F9FBB7EE02
:10FDF000C00B0E988DED040A03F0F2FBB7EEC00BBA
:10FE00000F988DED050A03F0EBFBDDE91401B7EE69
:10FE1000C00B09308DED060A01F109041490159408
:10FE2000F0F7A6FC00EE100A2046B8EEC00B8DEDF0
:10FE3000080BF0F79DFC00EE100AB8EEC00B8DED3C
:10FE40000A0BFFF785F80790119803F0C9FBB7EE8E
:10FE5000C00B40F6C010C2F2004004A900220023EB
:10FE600000688DED010AFFF7C3FC40F6B410C2F242
:10FE70000040006801A900220023FFF7B9FC60B030
:10FE800070BD00BF77727A007772700000000000CA
:10FE9000F0B581B046F6643246F27826C2F20142ED
:10FEA000C2F2004604460D4617683268101D01F084
:10FEB000A7F9601C0BD155B13068011D46F63C30E6
:10FEC000C2F2014001B0BDE8F04001F001BA306873
:10FED000E41944600BD346F28820C2F20040006867
:10FEE0003168043101B0BDE8F04001F0D1B946F20B
:10FEF0008020C2F2004000683168043101F0C8F986
:10FF000046F6C820C2F2014001688C4238BF046046
:10FF100001B0F0BD000000002DE9F047044601F0FB
:10FF2000F3F946F2B01046F27827C2F20140C2F26D
:10FF3000004746F6303A46F290260168C2F2014A7E
:10FF4000013101603968C2F2004651B1DAF80000AF
:10FF500000283ED13868E16AC06A884298BF3C6098
:10FF600037E03C600068012833D10025701901F0AA
:10FF70007FF91435B5F58C6FF8D146F69428C2F2A6
:10FF80000148404601F074F946F6A829C2F2014939
:10FF9000484601F06DF946F6DC20C2F2014001F05E
:10FFA00067F946F65030C2F2014001F061F946F6B9
:10FFB0003C30C2F2014001F05BF946F28020C2F20F
:10FFC0000040C0F8008046F28820C2F20040C0F82D
:10FFD000009046F2BC10C2F201400168013101609C
:10FFE000616446F2C011C2F20141E06A0A689042BF
:10FFF00088BF086000EB8000211D06EB800001F047
:020000040801F1
:1000000067F901F0A9F9DAF8000088B13868E16A07
:10001000C06A884228BFBDE8F0874EF604504FF012
:100020008051CEF200000160BFF34F8FBFF36F8F9E
:10003000BDE8F0870000000070B582B001F064F9FF
:1000400046F66836C2F20146306850BB46F6682470
:10005000C2F20144204601F00BF946F67C25C2F2BB
:100060000145284601F004F946F27C2046F2501280
:10007000C2F2004046F2F013C2F20042C2F2004364
:10008000046046F28C20C2F20040102105600A2074
:100090000025009501F02CFF306010B103A101F0A4
:1000A0002FFA02B0BDE8704001F056B9546D72519C
:1000B000000000000000000046F2B41546F2902A4D
:1000C0004EF6045846F6503746F2B016C2F20145D5
:1000D000C2F2004ACEF200084FF08059C2F2014746
:1000E000C2F2014603E000BF204601F04DF9286846
:1000F000C8B101F009F9F868C468201D01F080F862
:1001000030680138306028680138286001F024F92F
:1001100094F85D000228EAD00128E5D070B9206B80
:1001200001F032F9E0E7DAF800000228DFD3C8F87E
:100130000090BFF34F8FBFF36F8FD8E74FF05000A1
:1001400080F31188BFF36F8FBFF34F8FFEE700007E
:1001500008480068006880F308884FF0000080F3CA
:10016000148862B661B6BFF34F8FBFF36F8F00DFA5
:1001700000BF000008ED00E02DE9F04F85B0824699
:1001800002F0AEFC46F240290546C2F20049D9F819
:100190000010884249D246F27C24C2F20044206812
:1001A0000168002943D046F6683BC2F2014B08E0E3
:1001B0007860206831463F6101F06AF82068016884
:1001C000A9B3C068C768D0F800803E1D304601F072
:1001D00017F8396A3846884797F828004007EDD560
:1001E000B86940444045E3D88FB3DBF8000078B1EC
:1001F00000200397CDE9010802F05EFCDBF8000067
:100200000022002301A901F0E3FE0028D6D102E07C
:1002100000200028D2D14FF0500080F31188BFF3A6
:100220006F8FBFF34F8F00BFFEE7002007E046F25D
:100230008C21C2F200410A68086001202260CAF8DD
:1002400000002846C9F8005005B0BDE8F08F4FF017
:10025000500080F31188BFF36F8FBFF34F8F00BF43
:10026000FEE700000000000081B00020009040F296
:100270001810C2F2004000684FF0500181F311885D
:10028000BFF36F8FBFF34F8F013001D0FEE700BF88
:1002900000980028FCD001B070470000000000006A
:1002A0008AB046F27C2A46F28C2946F66838C2F2B9
:1002B000004A02ACC2F20049C2F2014801AE00BFDE
:1002C000DAF8000007681FB1C068D0F800B001E09C
:1002D0004FF0000B01F038FB2046FFF74DFF02996D
:1002E00011B102F09DFD7DE00546AFB15D4513D330
:1002F00002F096FDDAF80000C068C76807F104094B
:10030000484600F07DFF97F82800410707D400F029
:10031000FE0087F8280012E0B7B100221AE0B969A0
:100320003F6101EB0B007860A84229D95D4501D2FD
:10033000584533D2DAF80000494600F0A9FF46F2EA
:100340008C29C2F2004945E0D9F800000068B0FAF3
:1003500080F04209D8F80000ABEB050101F008F984
:1003600002F05EFD00283DD14EF604504FF0805162
:10037000CEF200000160BFF34F8FBFF36F8F31E00B
:10038000A5EB0B00884209D246F28C224946C2F204
:1003900000429146106800F07BFF1BE0002F00F048
:1003A000C680D8F8000068B100200897CDE9060B98
:1003B00002F082FBD8F800000022002306A901F019
:1003C00007FE00E0002046F28C290028C2F2004916
:1003D00000F0B780396A3846884703E0D9F8000052
:1003E00000F056FFD8F800000022214602F004F881
:1003F00000283FF465AF0298B0F1FF3F03DCDDE970
:1004000003200599904702980028EBD4049F78694F
:1004100010B1381D00F0F4FE3046FFF7ADFE029932
:100420000929DFD8DFE801F00505053B3E54050545
:100430003B3E97F82810039ABD693F6141F00101E6
:1004400087F82810AB183946834241F8043F04D995
:10045000904238D2934203D235E0801AA842BDD3ED
:10046000396A3846884797F828004007BAD5002FE0
:1004700053D0D8F80000C0B30398B969002206929F
:100480000844CDE9070702F017FBD8F80000002266
:10049000002306A901F09CFD0028A3D129E097F8CC
:1004A00028001DE097F8281041F00102039987F811
:1004B0002820B96139B30A18394682423F6141F8B0
:1004C000042F7FF68BAFDAF8000000F0E1FE89E739
:1004D00097F82800810703D4384600F055FF81E7DC
:1004E00000F0FE0087F828007CE7002000287FF459
:1004F00079AF4FF0500080F31188BFF36F8FBFF3D7
:100500004F8F00BFFEE74FF0500080F31188BFF31C
:100510006F8FBFF34F8F00BFFEE74FF0500080F3A7
:100520001188BFF36F8FBFF34F8F00BFFEE74FF00F
:10053000500080F31188BFF36F8FBFF34F8F00BF60
:10054000FEE74FF0500080F31188BFF36F8FBFF3C9
:100550004F8F00BFFEE70000F0B581B0044600F009
:10056000D3FE94F94560012E10DB04F1240503E06D
:1005700070B2013E012809DD286838B1284602F032
:1005800007FC0028F4D001F0F3F8F1E7FF2684F827
:10059000456000F0E1FE00F0B7FE94F94470012FD1
:1005A00010DB04F1100503E078B2013F012809DDFA
:1005B000286838B1284602F0EBFB0028F4D001F09F
:1005C000D7F8F1E784F8446001B0BDE8F04000F0EE
:1005D000C3BE000000000000F0B581B0044601F089
:1005E000B3F946F2842146F69025C2F20041C2F2E8
:1005F0000145086880BB46F28C70C2F20040C21D03
:1006000010F0070322F00702A0EB020618BF104605
:100610004FF47A42002B18BF06F57A4246F634337F
:100620000026C2F20143024422F0070218605E6015
:10063000A2F108030B6042E902661A1AC0E900320F
:1006400046F6C420C2F20140026046F6BC20C2F267
:1006500001400260012028702878002818BF4FF060
:10066000004020420DD0002402F0DAFB600710D0D9
:100670004FF0500080F31188BFF36F8FBFF34F8F9F
:10068000FEE74CB1600709D024F0070000F1100329
:1006900006E0204601B0F0BD002301E004F10803AC
:1006A000002B4FF00004DFD046F6BC2CC2F2014C08
:1006B000DCF800008342D7D846F63434C2F2014455
:1006C0002668706898420ED2326842B1506834464B
:1006D0001646984207D23268002AF7D103E046F660
:1006E0003434C2F201440A689642BCD0C01AD4F82D
:1006F00000E01128326822602FD3F418620708D076
:100700004FF0500080F31188BFF36F8FBFF34F8F0E
:10071000FEE76060736046F63433C2F2014300BF07
:1007200018461B68A342FBD342688718A74203D12F
:1007300064682244044642606268A7189F4201D060
:10074000194606E009688B4203D0D3E900131A4426
:100750006260A042216018BF046046F6C420716840
:10076000C2F20140DCF80020511ACCF800100268F7
:100770000EF10804914238BF0160287871680028A2
:100780004FF0000018BF41F00041306046F6D02025
:10079000C2F20140716001680131016064E700004C
:1007A00046F27820C2F20040016819B101680A6D72
:1007B00001320A650068704740F2692321F00101A7
:1007C000C0F6010340F80C3C4FF0807340F8202C39
:1007D00040E902136FF0020140F8241CA0F144012B
:1007E0000846704700000000F0B581B02DED028B87
:1007F00082B090ED010A9FED211A90ED002A20EEC3
:10080000010A22EE011A9FED1E2A40F6B83180EE51
:10081000020A81EE021A9FED1B2A30EE020A31EE27
:10082000021ABDEEC08ABDEEC10A18EE100A10EE23
:10083000104A0F1A0D1B01F087F846F2442645F2C4
:100840005A51C2F20046C0F60101304622462B46FC
:100850008DED008A019702F0C9FB02F0E1FA45F63E
:100860005C103222C2F20040314602B0BDEC028B75
:1008700001B0BDE8F040F8F7EFB800BF0000164443
:1008800000007F430000964480B588B000EE101A47
:100890009FED302A01EE100A03EE102A41F201000A
:1008A000ADF8000020EE020A9DED0B5A21EE021A6F
:1008B0009DED0A4A23EE023A9DED0C6ABDEEC00A98
:1008C0008DF80E30BDEEC11A10EE100A25EE020AA8
:1008D0008DF80200010A11EE100ABDEEC31A8DF860
:1008E0000310BDEEC00A8DF80400010A24EE023A9E
:1008F00011EE100A8DF8051026EE021A8DF806008A
:10090000010A10EE100ABDEEC30A8DF807108DF82B
:100910000800BDEEC11A010A8DF8091010EE100A88
:100920008DF80A00000A8DF80B0011EE100A8DF800
:100930000C00000A8DF80D00180A8DF80F00180C35
:100940008DF81000180E8DF81100684600F028FB95
:1009500008B080BD0000C84282B002F0C1F801902A
:1009600046F22400C2F200409FED2F0A0021F1EE72
:10097000040AB0EE401AF0EE401AC4F2A001016081
:1009800000259FED2A2AC0E9015543F2D020C2F28A
:100990000040FFF715F946F2387044F2C874C2F20D
:1009A0000040C2F20044C5600020C4F27F30C4E9B8
:1009B00000502046FFF718FF1420FEF73DFEB8EE6A
:1009C000048AB0EE049A322594ED000A94ED011ADF
:1009D00030EE090A204631EE081A84ED000A84ED53
:1009E000011AFFF701FF1420FEF726FE013DEBD1AF
:1009F00000200026C4F2FE20A660C4E900002046C4
:100A000000F022FA4FF4FA60FEF716FE01AD00E0A6
:100A100001360121284600F023FEF007F8D12046D8
:100A2000F0F71AFCF4E700BF000000000AD7A33C6F
:100A30002DE9F04381B004464FF0FF30211801301A
:100A400049782429FAD10130215C01302429FBD1D5
:100A50002118CA784D2A76D10979432973D140F6F5
:100A60000429A11DC2F200490A5C01302C2AFBD1E5
:100A7000461D371917F8011F01362029FAD0A1F1B8
:100A800041004439B0FA80F0B1FA81F299F81410BB
:100A90004009520901F0FE0540EA02032B4489F89F
:100AA00014303D7803F0FD03443DB5FA85F56D093A
:100AB00043EA450889F8148017F8013F01362C2BCA
:100AC000FAD100BF17F8013F0136202BFAD082423D
:100AD0004CD0002089F80000012000BF99F80010D8
:100AE00017F8012B0136013801EB810102EB4101BE
:100AF000A1F1300189F80010F0D0EFF71BFC3D7830
:100B0000D0F800C01CF80520202A48D1B2EE041B02
:100B10003B469FEDC72B9FEDCB0A3246EDB2B7EEB9
:100B2000C00A03EE105A13F8015F0132B8EE433BDE
:100B30001CF805102029A0EE013B33EE020BB7EEA6
:100B4000C00BEBD02EE0BCA003F0C0FF40F6FC10C1
:100B500040F60421C2F20040C2F20041002200230C
:100B6000006801B0BDE8F043FEF742BE01F0F000BE
:100B700089F81400012089F800000020C4F2201038
:100B8000C9F80400502089F808000020C4F2F020C1
:100B9000C9F80C004FF07E50C9F81000D6E79FED61
:100BA000A90A3246531CE25C1CF80250202D1FD1CA
:100BB000B2EE042B2344B7EE001AB2EE043A9FEDD6
:100BC0009C4B00BFD1B2B7EEC00A05EE101A13F865
:100BD000012F21EE031AB8EE455B1CF80210202904
:100BE000A0EE025B35EE040BB7EEC00BEAD001E0DD
:100BF000B7EE001A80EE010A89ED010A17F8011F0D
:100C000001362C29FAD100BF17F8011F013620291F
:100C1000FAD04E3908F0FB02B1FA81F1490942EAF3
:100C2000810C89F814C000BF17F8011F01362C2968
:100C3000FAD100BF17F8011F01362029FAD0002190
:100C400089F80810032100BF99F8082017F8013B24
:100C50000136013902EB820203EB4202A2F13002BB
:100C600089F80820F0D13D78D0F800E01EF8051092
:100C700020291CD1B2EE041B39469FED6D2B9FED50
:100C8000710A3346EDB2B7EEC00A03EE105A11F8FE
:100C9000015F0133B8EE433B1EF80520202AA0EE89
:100CA000013B33EE020BB7EEC00BEBD002E09FED41
:100CB000650A3346591C635C1EF80350202D1FD172
:100CC000B2EE042B2144B7EE001AB2EE043A9FEDC7
:100CD000584B00BFDAB2B7EEC00A05EE102A11F881
:100CE000013F21EE031AB8EE455B1EF80320202ACF
:100CF000A0EE025B35EE040BB7EEC00BEAD001E0CC
:100D0000B7EE001A80EE010A89ED030A17F8011FF9
:100D100001362C29FAD100BF17F8011F013620290E
:100D2000FAD045390CF0F702B1FA81F1490942EAEB
:100D3000C10189F8141000BF17F8011F01362C29D2
:100D4000FAD100BF17F8011F01362029FAD000BFE1
:100D500017F8011F01362C29FAD100BF17F8011F1F
:100D600001362029FAD00021A219013652782C2A06
:100D7000FAD100BFA21901365278202AFAD00131E7
:100D80000429F1D1A119023111F8022C0131242AD0
:100D9000FAD111F80129482A7FF4D8AE11F8012BB5
:100DA0002C2AFBD111F8012B202AFBD00068835C90
:100DB000202B7FF4CBAEB2EE040B9FED1D1B9FEDFD
:100DC000212A00BFD2B2B7EEC22A03EE102A11F8D0
:100DD000012BB8EE433B835C202BA2EE003B33EEAD
:100DE000012BB7EEC22BEDD00A78B7EE003A835C48
:100DF000202B15D1B2EE044AD2B2B7EEC22A05EECC
:100E0000102A11F8012F23EE043AB8EE455B835CFB
:100E1000202BA2EE005B35EE012BB7EEC22BEBD000
:100E200082EE030A89ED040A90E600BF00BF00BF0E
:100E300000000000000048C04552524F52212121BD
:100E4000210D00000000000090ED020A9FED0C1A39
:100E500030EE010A9FED0B1A45F2E870C2F2004035
:100E600020EE010A9FED081A006880EE010A9FED4E
:100E7000071A30EE010ABDEEC00A80ED0F0A704776
:100E800000007F43000048440000FF430080894485
:100E900070B50A6802604A6842608A688260CA68FF
:100EA000C2600A6902614A6942618A698261CA69EB
:100EB000C261096A0162A0F1040CA0F10C0E0022CB
:100EC000022307E00132013B032A0CF1100C0EF162
:100ED000100E10D0012AF5D8704661461C4600BF9E
:100EE0008D6886698E60013C856101F1040100F125
:100EF0000C00F5D1E6E770BD70B5A0F1040CA0F1CF
:100F00003C0E00220E2307E00132013B0F2A0CF1B8
:100F1000400C0EF1400E10D00D2AF5D870466146F7
:100F20001C4600BF8D68866F8E60013C856701F1AD
:100F3000040100F13C00F5D1E6E770BD00000000BF
:100F400010B5A1F1040CA0F10C0E00220F23704685
:100F5000614600BF013B51F8044F40F80C4FF9D1F6
:100F600001320CF13C0C032A0EF1040EEED110BD3F
:100F7000B0B546F298110446C2F2014100224FF486
:100F80007A73002508682146FEF79EFB0028B0FA18
:100F900080F04FEA501018BF2570B0BD000000006F
:100FA00080B546F2A8120146C2F201420023106841
:100FB0000022FEF71DFC002818BF012080BD0000A4
:100FC00082B046F2347546F2F467C2F2004500265C
:100FD0000DF10704C2F200474FF0030A4FF000087A
:100FE0004FF0000B4FF000092E7000E02E702046ED
:100FF000FFF7BEFF0028F9D0287806280FD8DFE8D1
:1010000000F0043C141C2B4851009DF807B0ABF1D4
:10101000AA00D946B0FA80F040092870E7E7D0224C
:101020002AA02BA1FDF734FCE1E79DF8070085F825
:1010300000A038708344D944D9E79DF807001E28E2
:101040003AD8042100287870834408BF0521D94488
:101050004FF000082970CAE757FA88F19DF8070099
:1010600008F101087A785FFA88F383449342D944FF
:101070008870BCD105202870B9E79DF80700A0F161
:10108000FF018344B1FA81F1D9444909490029702B
:10109000ADE75FFA8BF19DF8070081420ED1062083
:1010A0002870A4E75FFA89F19DF80700814207D113
:1010B0003846FDF7E1FC04E02E7098E72E7096E7C5
:1010C0002E704FF0000985F8009090E73000000086
:1010D0002E2E2F434F4D4D554E49434154452F75AC
:1010E00073626C696E6B2E630000000000000000EC
:1010F000A4B00DF1100B45F6E476ABF10109002424
:10110000C2F200464FF6AA7A0BF104000290B01C1E
:1011100001900EE001245FFA88F15846F0F780F85C
:1011200040F6D4104FF0FF31C2F200400068FEF7E5
:10113000A7FB012C20D17578ADF810A030788DF880
:1011400013508DF812002A46DDE90110EFF7FFF881
:10115000291D00204B46002213F8017F0139384435
:101160000244F9D105F1060800245BFA88F101F880
:10117000020C01F8012C01E04FF000085FFA88F042
:101180003F28C8D8039400BF46F2A8100022C2F23C
:1011900001404FF0FF3331460068FEF795FA75784D
:1011A00055FA88F006304028B4D85FFA88F73146FF
:1011B0000BEB070011F8022B2BF807A082702A46D0
:1011C000C5700430EFF7C3F8291D09EB07030020B1
:1011D000002200BF13F8014F013920440244F9D125
:1011E000A91D57FA81F85FFA88F308EB0B01402B31
:1011F00001F8020C01F8012CC6D3039C8BE7000018
:10120000D0E9013201699A60D0F808C04A68824288
:101210004FF00002CCF8043008BFC1F804C00261EE
:101220000868013808600868704700000000000086
:1012300046F2C433C2F20143036046F2C410C2F264
:10124000014008608020106070470000000000002E
:1012500046F62403C2F20143036046F22440C2F280
:10126000014008604FF4807010607047000000007B
:1012700002464FF0FF3142F8081F00214260C0E9EA
:1012800003220160704700000021016170470000E7
:1012900080B5D1F800C01CF1010207D000F10803AD
:1012A0009E465B681A686245FAD901E0D0F810E002
:1012B000DEF804204A60CEF804109160C1F808E01E
:1012C000086101680131016080BD0000000000007C
:1012D000D0F800C043684B609A688A609A68996049
:1012E000086151600CF101010160704700000000CD
:1012F000DFF80C00016841F47001016070470000E4
:1013000088ED00E0000000004FF0500080F31188ED
:10131000BFF36F8FBFF34F8F40F21810C2F200403F
:101320000168002901F10101016000D070474EF60B
:101330000450CEF200000068000608BF70474FF06E
:10134000500080F31188BFF36F8FBFF34F8F00BF42
:10135000FEE700000000000040F21810C2F200405A
:10136000016839B10139016018BF7047002080F36E
:10137000118870474FF0500080F31188BFF36F8FD2
:10138000BFF34F8FFEE70000B0B5002808BFB0BD27
:10139000044646F69020C2F201400078002818BFAB
:1013A0004FF0004054F8041C08420CD0A4F108058A
:1013B0002A6892B14FF0500080F31188BFF36F8F0D
:1013C000BFF34F8FFEE74FF0500080F31188BFF35B
:1013D0006F8FBFF34F8F00BFFEE721EA000044F894
:1013E000040C00F0B1FA46F6BC2054F8041CC2F21A
:1013F000014002681144016046F63431C2F20141F5
:1014000008460968A942FBD342688318AB4204D15D
:1014100054F8043C05461A4442606B68EA188A4254
:1014200001D00A460AE046F28422C2F20042126863
:10143000914203D0D1E9002119446960A8422A6091
:1014400018BF056046F6D420C2F2014001680131A0
:101450000160BDE8B04001F0E3BC00000000000006
:101460004EF210000021CEF2000044F6D352C1F239
:1014700062020160816040F22801C2F20041096805
:10148000A1FB02124FF0FF3101EB921141600721E5
:101490000160704700000000EFF30580102814D3AE
:1014A0004EF2F03146F28C12CEF20001C2F201424D
:1014B000405C1178884208D24FF0500080F31188C8
:1014C000BFF36F8FBFF34F8FFEE74EF60C5046F21F
:1014D0009011CEF20000C2F201410068096800F4E8
:1014E000E060884298BF70474FF0500080F3118849
:1014F000BFF36F8FBFF34F8FFEE7000000000000C7
:1015000046F6F02C0022C2F2014C00BF5CF83230EB
:101510001BB10132082AF9D170470CEBC2034CF819
:10152000321058607047000068B146F6F02C002178
:10153000C2F2014C0CEBC1035A6882420DD001315A
:101540000829F7D10DE04FF0500080F31188BFF368
:101550006F8FBFF34F8F00BFFEE700224CF83120A2
:101560005A6090F84610002918BF7047FFF70CBF6B
:1015700070B515460E460446FFF7C6FE94F84400C3
:10158000FF2802D1002084F8440094F84500FF2889
:1015900002D1002084F84500FFF7DEFEA06B28B9D9
:1015A00004F1240031462A4600F006F92046BDE841
:1015B0007040FEF7D1BF000070B5002843D004464C
:1015C00046F2B810C2F20140016841B14FF050003C
:1015D00080F31188BFF36F8FBFF34F8FFEE7016871
:1015E00046F278250131016046F66430C2F20045CA
:1015F000C2F20140066828680430FFF701FE28683F
:10160000A419446009D346F28820C2F20040006861
:1016100029680431FFF73CFE10E046F28020C2F258
:101620000040006829680431FFF732FE46F6C82002
:10163000C2F2014001688C4238BF046001F0F0FB47
:10164000002818BF70BD4EF604504FF08051CEF206
:1016500000000160BFF34F8FBFF36F8F70BD0000BC
:1016600070B580B1C9B146F2B812C2F20142136836
:10167000EBB14FF0500080F31188BFF36F8FBFF3D1
:101680004F8F00BFFEE74FF0500080F31188BFF38B
:101690006F8FBFF34F8F00BFFEE74FF0500080F316
:1016A0001188BFF36F8FBFF34F8F00BFFEE7136842
:1016B0000133136046F66433C2F201431A680568C9
:1016C000AA42294402D2A94202D31CE0A94201D372
:1016D000914218D946F278250160C2F200451C6893
:1016E0008E1A28680430FFF78BFD2868A41944601F
:1016F0000BD346F28820C2F200400068296804310A
:10170000FFF7C6FD12E0016010E046F28020C2F251
:101710000040006829680431FFF7BAFD46F6C8208A
:10172000C2F2014001688C4238BF046001F078FBCE
:10173000002818BF70BD4EF604504FF08051CEF215
:1017400000000160BFF34F8FBFF36F8F70BD0000CB
:1017500046F6CC21C2F201410968016046F66431C7
:10176000C2F20141096841607047000000000000BA
:1017700046F670300121C2F201400160704700005E
:1017800010B570B10C4646F27821C2F200410968EA
:101790001831FFF77DFD01212046BDE81040FEF71E
:1017A00077BB4FF0500080F31188BFF36F8FBFF30A
:1017B0004F8F00BFFEE70000B0B598B10D4646F26E
:1017C0007821C2F20041144609681831FFF780FD04
:1017D000002C214618BF4FF0FF352846BDE8B04029
:1017E000FEF756BB4FF0500080F31188BFF36F8FA8
:1017F000BFF34F8FFEE7000070B528B3026D0446BB
:101800001AB3E06C884288BF0146E06A88421BD068
:10181000012A18BF70BD46F27822C2F20042126857
:10182000A2421CD0A26900EB800046F29026002A5A
:10183000E162C2F200465CBFC1F13801A161616999
:1018400006EB8000814214D070BD4FF0500080F351
:101850001188BFF36F8FBFF34F8F00BFFEE74FF0CC
:10186000500080F31188BFF36F8FBFF34F8F00BF1D
:10187000FEE7251D2846FFF7C3FC46F2C011E06ACB
:10188000C2F201410A68904288BF086000EB800004
:10189000294606EB8000BDE87040FFF719BD000047
:1018A00010B586B005A804A903AA0024CDE9044414
:1018B000FFF7BEFCDDE9032005990023CDE9010116
:1018C00040F2B9001EA1C0F60100009401F078F8C2
:1018D00046F6C021C2F20141086010B101F03CFBA4
:1018E0000446601C22D0012C1ED14FF0500080F322
:1018F0001188BFF36F8FBFF34F8F46F6C820C2F237
:1019000001404FF0FF31016046F63030C2F2014035
:101910000121016046F66430C2F2014000210160FD
:10192000FDF796FA00F0A0F906B010BD4FF0500098
:1019300080F31188BFF36F8FBFF34F8FFEE700BFB7
:1019400049444C450000000046F2B810C2F2014084
:10195000016801310160704780B546F2B810C2F2EB
:101960000140006830B146F670300121C2F20140FA
:10197000016080BD46F670300021C2F20140016076
:10198000FDF7E6FA46F2941146F2782CC2F20141D4
:10199000C2F2004C0A68904206D9DCF80030A0EB95
:1019A000020E5A6D72445A6546F2C01E0860C2F2B9
:1019B000014E46F29023C2F20043DEF8002002EB13
:1019C000820153F8210048B903EB8100A0F1140112
:1019D000C2B151F81409013A0028F9D002EB820093
:1019E00003EB800151F8040F4368081D83420B602C
:1019F00001D1586808600868C068CCF80000CEF8CB
:101A0000002080BD4FF0500080F31188BFF36F8F2E
:101A1000BFF34F8FFEE7000010B546F600104FF4FD
:101A2000B471C2F201408022EEF7A3FC44F66804D0
:101A30000021C2F200448022204600F8011B4FF42E
:101A4000B471EEF796FC45F270604FF4B572C2F2D5
:101A500000402146F5F754F89620BDE81040F2F713
:101A6000A7B80000000000002DE9F04F81B02DED77
:101A7000048B86B040F21C1846F600199FED768B59
:101A80009FED779B1C460291C0F30F21561EC2F2B8
:101A90000048C2F201494FF080354FF0000C60F36E
:101AA0001741059102F10E00019003922DE000BF55
:101AB00044F668070021C2F2004746F6001938468E
:101AC000C2F201494FF4B47200F8011B40F21C113C
:101AD000C2F2004188460D604946EEF738FC45F2F7
:101AE00070604FF4B572C2F200403946F5F708F85D
:101AF0000298FDF7A1FD01980499814201F1010CC2
:101B0000039A4FF0803500F09480EAB140F2201043
:101B10001146C2F2004003E0013900F1040013D085
:101B200007680E2FF8D8BBB20E2BF5D85B0013FA5E
:101B300087F709EBC70349F83750C3E90155C3E9F3
:101B400003555D61E8E700BFD8F800000E280ED805
:101B500081B20F290BD2490011FA80F009EBC001C4
:101B600049F83050C1E90155C1E903554D61654659
:101B7000002CCDF810C0B24618BFC5F10E057AB9D9
:101B800096E700BF40F220104C46C2F200404646A5
:101B900040F82B70BAF1000FAAF1010A7FF788AF65
:101BA000A6EB0A0B002C584618BF404247190E2FCF
:101BB000F0D800EE10AAB046A146B8EEC01BB0EEB9
:101BC000480B01F081FDB7EEC00BB0EE491BB7EE3C
:101BD000C00A01F079FDB7EEC00B0598FCF708FDCF
:101BE000B8B20E28CED846F2F06300EB4006C2F23F
:101BF000004319785A7809029B7841EA024046F678
:101C00000011C2F20141184401EBC6014FF4000279
:101C10004FF0FF336FF01F04CE18024203F10103AF
:101C200008BF6FF07F04172B4FEA52027470F1D196
:101C3000A8E740F220105021C2F20040FF22EEF748
:101C400098FB4FF0FF30C8F8000006B0BDEC048BE5
:101C500001B0BDE8F08F00BF000000606666E63F9F
:101C60009A99999999990140B0B584B04EF2004083
:101C70004CF27021CEF20000C4F20F114B1CD0F8D0
:101C800000299A4209D14FF0500080F31188BFF328
:101C90006F8FBFF34F8F00BFFEE7D0F800298A4255
:101CA00009D14FF0500080F31188BFF36F8FBFF35D
:101CB0004F8F00BFFEE7017846F28C120291FF21A0
:101CC0000170C2F2014201788DF807109DF80710EB
:101CD00001F05001117046F290110722C2F2014149
:101CE0000A609DF90720B2F1FF3F0CDC062200BF1D
:101CF0000A60013A9DF807305B008DF807309DF9C6
:101D00000730002BF4D40A68032A3DD14FF4E06376
:101D100003EA02220A6002990170D0F8201941F406
:101D20007001C0F82019D0F8201941F07041C0F8B6
:101D30002019FFF795FB40F218140025C2F2004469
:101D40002560FFF7D5FA4EF63470CEF20000016838
:101D500041F040410160FEF7FBF9FFF7FDFD0395FF
:101D600020684FF0500181F31188BFF36F8FBFF3EC
:101D70004F8F013002D000BFFEE700BF039800285C
:101D8000FCD0002004B0B0BD4FF0500080F31188AB
:101D9000BFF36F8FBFF34F8FFEE70000000000001E
:101DA00080B54FF0500080F31188BFF36F8FBFF301
:101DB0004F8F00F09DFE30B14EF604504FF0805131
:101DC000CEF200000160002080F3118880BD000089
:101DD00010B560B10C46814213D94FF0500080F32A
:101DE0001188BFF36F8FBFF34F8F00BFFEE74FF037
:101DF000500080F31188BFF36F8FBFF34F8F00BF88
:101E0000FEE70021022200F02FF8002818BF8463AB
:101E100010BD000000000000B0B582B058B10D4602
:101E2000814212D94FF0500080F31188BFF36F8FB9
:101E3000BFF34F8FFEE74FF0500080F31188BFF3E0
:101E40006F8FBFF34F8F00BFFEE7144600210022C3
:101E500002230093234600F04BF8002C204618BFC5
:101E6000A56302B0B0BD00002DE9F041B0B3064655
:101E7000484314460F465030FEF7AEFB054650B3BC
:101E800028464FF00008002F85F8468018BF5030D4
:101E9000C5E90F672860FFF737FAD5E90F012A680F
:101EA000C5F8388001FB0023013800FB01206A607F
:101EB000C5E90230FF2085F8440085F8450005F1AA
:101EC0001000FFF7D5F905F12400FFF7D1F9FFF76E
:101ED00043FA85F84C402846BDE8F0814FF05000A9
:101EE00080F31188BFF36F8FBFF34F8FFEE70000C1
:101EF00070B582B068B11C46ABB1F1B9EAB14FF030
:101F0000500080F31188BFF36F8FBFF34F8F00BF76
:101F1000FEE74FF0500080F31188BFF36F8FBFF3DF
:101F20004F8F00BFFEE74FF0500080F31188BFF3E2
:101F30006F8FBFF34F8F00BFFEE751B14AB94FF02B
:101F4000500080F31188BFF36F8FBFF34F8F00BF36
:101F5000FEE750230193019B502B2DD1019B0123C0
:101F6000002984F8463008BF2246E063069E2260BE
:101F70002164FFF7C9F9D4E90F012268002501FBAC
:101F80000023013800FB0120A5636260C4E9023030
:101F9000FF2084F8440084F8450004F11000FFF7A6
:101FA00067F904F12400FFF763F9FFF7D5F984F826
:101FB0004C60204602B070BD4FF0500080F3118895
:101FC000BFF36F8FBFF34F8FFEE7000000000000EC
:101FD0002DE9F04F83B00292B8B104461D460E467B
:101FE000E9B1022D03D1E06B012840F0A68000F09A
:101FF00063FD00BB0298F0B14FF0500080F31188F0
:10200000BFF36F8FBFF34F8FFEE74FF0500080F3A9
:102010001188BFF36F8FBFF34F8F00BFFEE7206CB7
:102020000028DED04FF0500080F31188BFF36F8F8F
:10203000BFF34F8FFEE7FFF767F9022DA06B5ED06D
:10204000E16B88425BD304F1100801206F460DF16B
:10205000080900BF0299002900F08280C00702D061
:102060003846FFF775FBFFF777F9FFF76DFCFFF7D1
:102070004BF994F84400FF2802D1002084F8440072
:1020800094F84500FF2802D1002084F84500FFF7AE
:1020900063F93846494600F0DBFB002863D1FFF7BF
:1020A00033F9D4F838A0D4F83CB0FFF755F9DA4545
:1020B00016D102994046FFF763FB2046FEF74CFA23
:1020C00000F0AEFE88B94EF604504FF08051CEF2CB
:1020D00000000160BFF34F8FBFF36F8F05E000BFBB
:1020E0002046FEF739FA00F09BFEFFF70DF9022DAE
:1020F000A06B04D0E16B88424FF00000AAD2A76B1E
:10210000226C22B3C5B3E0683146EEF720F9E168EE
:10211000206C2268091A9142E16003D24042A16812
:102120000844E060A81E3946B0FA80F0002F18BFBE
:102130000121400908403F1A2BE04FF0500080F386
:102140001188BFF36F8FBFF34F8F00BFFEE720688A
:102150000025F8B9A06800F083FDA560054619E0E8
:10216000FFF7FAF804E02046FEF7F6F900F058FE13
:10217000002003B0BDE8F08F60683146EEF7E7F865
:10218000216CD4E9010208446060904201D32068C8
:1021900060600025781CA06354F8240F78B12046B5
:1021A00000F0F6FDB8B14EF604504FF08051CEF27B
:1021B00000000160BFF34F8FBFF36F8F0BE055B18D
:1021C0004EF604504FF08051CEF200000160BFF394
:1021D0004F8FBFF36F8FFFF7BFF8012003B0BDE84B
:1021E000F08F0000000000002DE9F04700B3054625
:1021F0001E4614460F4621B3022E02D1E86B012879
:102200004FD1FFF749F9EFF311884FF0500080F3F9
:102210001188BFF36F8FBFF34F8F022EA86B1CD0B6
:10222000E96B884219D3002088F31188BDE8F08754
:102230004FF0500080F31188BFF36F8FBFF34F8FC3
:10224000FEE7286C0028D7D04FF0500080F31188AB
:10225000BFF36F8FBFF34F8FFEE795F845A0A86BD4
:10226000D5F838902A6C32B36EB3E8683946EEF789
:102270006EF8E968286C2A68091A9142E96003D26D
:102280004042A9680844E860B01E4946B0FA80F0B0
:10229000B9F1000F18BF012140090840A9EB00095E
:1022A0001EE04FF0500080F31188BFF36F8FBFF333
:1022B0004F8F00BFFEE7286890B9A86800F0D0FCF7
:1022C0000020A8600CE068683946EEF740F8296CF9
:1022D000D5E9010208446860904201D3286868602B
:1022E0000AF10100C1B2814209F10101A9630FD0D5
:1022F00055F8240F98B1284600F04AFD0146012008
:10230000002C18BF00290FD188F31188BDE8F08791
:1023100085F84500012088F31188BDE8F087012089
:1023200088F31188BDE8F0870120206088F31188C8
:10233000BDE8F0870000000070B560B10546006C94
:1023400098B14FF0500080F31188BFF36F8FBFF347
:102350004F8F00BFFEE74FF0500080F31188BFF3AE
:102360006F8FBFF34F8F00BFFEE728680C4660B346
:10237000FFF792F8EFF311864FF0500080F31188C9
:10238000BFF36F8FBFF34F8FA86BE96B884218D2F2
:1023900095F845100130A8630131CAB28A4220D0B5
:1023A00055F8240F18B3284600F0F2FC014601202E
:1023B000002C18BF002917D00120206086F3118857
:1023C00070BD002086F3118870BDA8680028CFD0AA
:1023D0004FF0500080F31188BFF36F8FBFF34F8F22
:1023E000FEE7012085F8451086F3118870BD0120B5
:1023F00086F3118870BD00002DE9F04F85B004927E
:1024000098B104460D46002900F0B78000F054FB57
:10241000A8B9049898B14FF0500080F31188BFF329
:102420006F8FBFF34F8F00BFFEE74FF0500080F378
:102430001188BFF36F8FBFF34F8F00BFFEE704F12A
:102440001000019004F1240000900DF108090DF135
:10245000100A4FF000080CE02046FEF77DF800F06F
:10246000DFFCFEF751FFA76BFEF776FF002F00F0B1
:102470009280FEF749FFD4F838B0BBF1000F27D0A7
:10248000226C5AB1D4E902101044E060884201D3B2
:102490002068E060E1682846EDF759FFABF10100E4
:1024A000A063206970B1019800F072FC50B14EF643
:1024B00004504FF08051CEF200000160BFF34F8F07
:1024C000BFF36F8FFEF748FF00200126A0B963E03D
:1024D000049850B1B8F1000F02D14846FFF738F91F
:1024E0004FF00108012038B956E0FEF735FF00260D
:1024F0000020002850D000BFFEF72EFFFFF724FA7F
:10250000FEF702FF94F84400FF2802D1002084F86F
:10251000440094F84500FF2802D1002084F84500CB
:10252000FEF71AFF4846514600F092F900287FF462
:1025300093AFFEF7E9FEA76BFEF70EFF2FB1204623
:10254000FEF70AF800F06CFC93E704990098FFF797
:1025500017F92046FEF700F800F062FC00287FF42F
:1025600088AF4EF604504FF08051CEF2000001606B
:10257000BFF34F8FBFF36F8F7BE7206C00283FF4D2
:1025800045AF4FF0500080F31188BFF36F8FBFF35A
:102590004F8F00BFFEE70026304605B0BDE8F08F44
:1025A0002DE9F04381B000283AD0054614460E4686
:1025B00000293ED0FEF770FFEFF311884FF0500076
:1025C00080F31188BFF36F8FBFF34F8FAF6B002F76
:1025D0003BD095F844902A6C5AB1D5E902101044CA
:1025E000E860884201D32868E860E9683046EDF782
:1025F000AEFE09F10100C1B28142A7F10101A96358
:1026000025D055F8100F30B3284600F0C1FB014625
:102610000120002C18BF00291ED0012020601BE0E3
:102620004FF0500080F31188BFF36F8FBFF34F8FCF
:10263000FEE7286C0028BDD04FF0500080F31188D1
:10264000BFF36F8FBFF34F8FFEE7002004E085F8E4
:102650004400012000E0012088F3118801B0BDE8AA
:10266000F0830000000000002DE9F04F87B00691D4
:1026700058B10446006C90B14FF0500080F31188BF
:10268000BFF36F8FBFF34F8FFEE74FF0500080F323
:102690001188BFF36F8FBFF34F8F00BFFEE700F0CD
:1026A0000BFA50B9069840B14FF0500080F31188F2
:1026B000BFF36F8FBFF34F8FFEE704F1100B04F1F0
:1026C0002400019000260DF1100806AD00200290B4
:1026D000002003900DE000BF2046FDF73DFF00F015
:1026E0009FFBFEF711FEA76BFEF736FE002F00F0F2
:1026F0008880FEF709FEA06B00B30138A063206854
:1027000010B9FEF74DF8A060DBF8000070B1584634
:1027100000F03EFB50B14EF604504FF08051CEF227
:1027200000000160BFF34F8FBFF36F8FFEF714FE01
:102730004FF0010A0020B8B983E000BF069848B105
:10274000039810B94046FFF703F8012003900120D9
:1027500050B976E00298002861D1FEF7FDFD002017
:102760004FF0000A00286CD0FEF7F6FDFFF7ECF8FA
:10277000FEF7CAFD94F84400FF2808BF84F84460BF
:1027800094F84500FF2808BF84F84560FEF7E4FD93
:102790004046294600F05CF800289DD1FEF7B4FDC4
:1027A000D4F83890FEF7D8FDB9F1000F06D02046D6
:1027B000FDF7D2FE00F034FB00269AE720680026E1
:1027C00038B9FEF7A1FDA06800F096FA0290FEF776
:1027D000C3FD06990198FEF7D3FF2046FDF7BCFE26
:1027E00000F01EFB00287FF484AF4EF604504FF03B
:1027F0008051CEF200000160BFF34F8FBFF36F8FA7
:1028000077E7029840B1FEF77FFD606A88B1206BE0
:102810000068C0F138010DE04FF0000A11E04FF000
:10282000500080F31188BFF36F8FBFF34F8F00BF4D
:10283000FEE70021A068FEF7DFFFFEF78DFD4FF0F9
:10284000000A504607B0BDE8F08F0000000000000D
:1028500070B5D8B10D4611B30446FEF755FD46F6E6
:10286000643EC2F2014EDEF8002029684B1C20D0E5
:1028700046F6CC2C2068C2F2014C6368DCF800609C
:10288000864218D09A4216D3012424E04FF050001B
:1028900080F31188BFF36F8FBFF34F8FFEE74FF0C8
:1028A000500080F31188BFF36F8FBFF34F8F00BFCD
:1028B000FEE700240FE0D21A914209D9881A286055
:1028C000DCF800002060DEF800006060002402E018
:1028D000012400202860FEF73FFD204670BD000067
:1028E0002DE9F04F81B095008146284698469246E2
:1028F0000F46FDF771FE78B104466020FDF76CFECF
:1029000038B10646046356B94FF0FF3001B0BDE858
:10291000F08F2046FEF738FD0026002EF4D0306BF5
:10292000A52229464C46DDF828B04FF0000986F86C
:102930005D90EDF71EFD306B00EB8A00A0F1040006
:1029400020F0070A77B106F1340000217A5C425486
:102950007A5C1AB10F2901F10101F7D1002086F844
:10296000430001E086F83490BBF1370F06F1040014
:1029700028BF4FF0370B0025C6F82CB0C6E913B5B9
:10298000FEF782FC06F11800FEF77EFCCBF1380062
:10299000B061504621464246366176627565B5653E
:1029A00086F85C50FDF708FF0B993060304600292F
:1029B00018BF0E60FDF7B0FA012001B0BDE8F08F3E
:1029C0002DE9F04782B00B9E46B30C9C7CB3814648
:1029D000602001900198602833D117460D46019878
:1029E000022084F85D009100A52230469846DDF86B
:1029F00028A02663EDF7BDFC206B65B304F134011C
:102A0000002200BFAB5C8B54AB5C1BB10F2A02F100
:102A10000102F7D1002184F843101FE04FF050006D
:102A200080F31188BFF36F8FBFF34F8FFEE74FF036
:102A3000500080F31188BFF36F8FBFF34F8F00BF3B
:102A4000FEE74FF0500080F31188BFF36F8FBFF3A4
:102A50004F8F00BFFEE7002184F8341000EB8700A1
:102A6000BAF1370FA0F104004FF0000628BF4FF075
:102A7000370A20F00705201DC4F82CA0C4E913A6CE
:102A8000FEF702FC04F11800FEF7FEFBCAF1380065
:102A9000A061284649464246246164626665A6658F
:102AA00084F85C60FDF788FE20602046FDF734FA6C
:102AB000204602B0BDE8F08746F63030C2F2014051
:102AC000006848B146F2B810C2F201400068B0FA9E
:102AD00080F040094000704701207047000000006E
:102AE00046F66430C2F20140006870470000000002
:102AF0002DE9F04F81B046F2B810C2F201400068F3
:102B000040B146F6D8200024C2F2014001680131EC
:102B10000160A0E046F66430C2F2014001684E1C3C
:102B200006602ED346F28020C2F200400168096898
:102B300049B14FF0500080F31188BFF36F8FBFF39E
:102B40004F8F00BFFEE746F288220168C2F20042C2
:102B500013680360116046F6CC21C2F201410A6895
:102B600001320A600168096821B10068C068C06864
:102B7000406801E04FF0FF3046F6C821C2F2014143
:102B8000086046F6C82146F2782AC2F2014146F2B0
:102B90009028C2F2004AC2F200480868864201D278
:102BA000002446E046F280270024C2F2004738683D
:102BB0000068A0B346F2C01BC2F2014B1AE000BF8E
:102BC000D9F82C00DBF800108842294688BFCBF8E2
:102BD000000000EB800008EB8000FEF779FBD9F8DD
:102BE0002C00DAF80010C96A3A68884228BF01242C
:102BF0001068B8B13868C068D0F80C904D4655F8E8
:102C0000040F864210D32846FEF7FAFAD9F82800B6
:102C10000028D5D009F11800FEF7F2FAD0E74FF0FE
:102C2000FF3005E04FF0FF3046F6C821C2F2014107
:102C30000860DAF80000C06A00EB800058F8200055
:102C4000012846F67030C2F2014088BF01240068B6
:102C5000002818BF0124204601B0BDE8F08F000015
:102C6000B0B580B1044646F27820C2F20040006858
:102C7000A0420AD04FF0500080F31188BFF36F8F4D
:102C8000BFF34F8FFEE70020B0BD206D38B3E26A7E
:102C9000411EE36C00209A4221651FD0002918BF15
:102CA000B0BD251D2846FEF7ABFAE06CE062C0F12E
:102CB0003801A16146F2C011C2F201410A68904296
:102CC00088BF086000EB800046F29021C2F200410C
:102CD00001EB80002946FEF7FBFA0120B0BD4FF062
:102CE000500080F31188BFF36F8FBFF34F8F00BF89
:102CF000FEE7000000000000F0B581B000B346F22E
:102D000078260446C2F20046C06A3168C96A884221
:102D100019D2A169002904D43168C96AC1F1380106
:102D2000A16100EB800046F29027C2F20047616982
:102D300007EB800081420FD03068C06AE06221E07A
:102D4000002001B0F0BDE16C3068C26A0020914201
:102D500038BF012001B0F0BD251D2846FEF750FA0E
:102D6000306846F2C011C2F20141C06AE0620A68EE
:102D7000904288BF086000EB8000294607EB800086
:102D8000FEF7A6FA012001B0F0BD0000000000002F
:102D9000B0B5C068C5687DB105F118042046FEF7DE
:102DA0002FFA46F2B810C2F20140006868B146F648
:102DB000DC20C2F201401DE04FF0500080F311888A
:102DC000BFF36F8FBFF34F8FFEE72C1D2046FEF73A
:102DD00017FA46F2C011E86AC2F201410A6890424D
:102DE00088BF086000EB800046F29021C2F20041EB
:102DF00001EB80002146FEF76BFA46F27820E96A83
:102E0000C2F200400068C06A814206D946F67031BD
:102E10000120C2F201410860B0BD0020B0BD000039
:102E20002DE9F04F81B046F2B814C2F20144206897
:102E300068B1FEF769FA206801382060206880B127
:102E40000024FEF789FA204601B0BDE8F08F4FF06C
:102E5000500080F31188BFF36F8FBFF34F8F00BF17
:102E6000FEE746F2B010C2F201400068002847D0E9
:102E700046F6DC2646F67038C2F20146C2F2014838
:102E80003068002845D046F2C01746F2902946F235
:102E9000782BC2F20147C2F20049C2F2004B4FF058
:102EA000010A00BFF068C56805F11800FEF7A8F92F
:102EB0002C1D2046FEF7A4F9E86A396888422146AD
:102EC00088BF386000EB800009EB8000FEF700FA55
:102ED000E86ADBF80010C96A884228BFC8F800A079
:102EE00030680028DED1A5B146F28020C2F2004051
:102EF0000168096831B10068C068C068406803E0D3
:102F000000249EE74FF0FF3046F6C821C2F201418F
:102F1000086046F6D824C2F20144256855B101265E
:102F2000FFF7E6FD002818BFC8F80060013DF7D1A3
:102F300000202060D8F8000060B14EF604504FF039
:102F40008051CEF2000001240160BFF34F8FBFF328
:102F50006F8F76E7002474E780B586B0FDF76CF8D4
:102F600046F66830C2F20140006808B3002004A9A8
:102F7000CDE9040005A803AAFEF76AF9DDE90320FC
:102F800002210023CDE9001040F2A1200DA1C0F6DE
:102F90000100DDF814C0CDF808C0FFF711FD46F6BA
:102FA0006C31C2F20141086010B1012006B080BD51
:102FB0004FF0500080F31188BFF36F8FBFF34F8F36
:102FC000FEE700BF546D7220537663000FB4054BCB
:102FD00010B503A9044A029801F082FC10BC5DF808
:102FE00014FB000099EE0008000000240FB4084B09
:102FF00010B504A902AA039801F072FC044602A9C4
:10300000002001F049FD204610BC5DF814FB0000D3
:10301000994A010803B401984100009850EAC12080
:1030200018BF04204A0D18BF40F0010040F2FF72A3
:10303000B2EB515F08BF40F00200012808BF052035
:1030400002B07047004870470400002400000000F0
:1030500070B56B482DED020B2DED0A8B82B00D9DE6
:1030600025F000449FED68CB9FED699B84422EDBE9
:10307000A4F140510C98A1F17F6108430FD066483C
:10308000844202DC18D10C98B0B19DED0C0B02B05B
:10309000BDEC0A8B02B0BDE8704001F0D1BB9DEDE4
:1030A0000C0B20EE0C0B9DED0C1B01EE090B02B07E
:1030B000BDEC0A8B02B070BD012001F003FC02B030
:1030C000BDEC0A8B02B0BDE8704001F0C1BB5348B3
:1030D000B7EE008B844230DA9DED0C0BB4F1795FD2
:1030E0000ADA51EC100BFFF795FF042808BF01F036
:1030F000C7FB9DED0C0BDAE720EE009BB0EE490B11
:1031000047480621784401F011FA20EE09ABB0EEF1
:10311000490B44480421784401F008FA09EE008B79
:103120008AEE080B8DED000B9DED0C0B9DED0C1B3D
:103130009DED002B01EE020BB9E79DED0C0B51EC60
:10314000100B01F0B6FC41EC100B38EE400B8DED8E
:10315000000BB6EE001B20EE01ABB0EE4A0B32487E
:103160000621784401F0E2F920EE0ABBB0EE4A0BEA
:103170002E480421784401F0D9F90AEE008B51EC75
:103180001A0B01F0B5FC41EC110B2948B0EE000B15
:10319000A0420EDC8BEE082B8DED002B9DED003B4D
:1031A000B0EE412B01EE032B12EE009B3CEE490BDF
:1031B00021E08DED001B002000909DED002B9DED8A
:1031C000003B02EE43AB31EE023B8AEE032B8BEE6B
:1031D000083B02EE409B21EE001B11EE039B9DED90
:1031E000003B9FED152BB0EE421B03EE401B39EE6A
:1031F000410B32EE400B002DD8BFB1EE400B56E72D
:103200000000F03F00000000182D4454FB21F93F5E
:10321000075C143326A6913C0000F07F0000E03FDD
:10322000581A0000761A0000FA190000181A000057
:103230003333EF3F00000000182D4454FB21E93FD9
:1032400070B565482DED020B2DED048B059D25F025
:103250000044A04218DC6148844202DC0AD1049890
:1032600040B19DED040BBDEC048B02B0BDE8704095
:1032700001F0E6BA002DCCBF9FED590B9FED5A0B24
:10328000BDEC048B02B070BD5948A04215DD594811
:10329000A042D8BF4FF0FF3455DD9DED040B51EC3B
:1032A000100BFFF7B7FE042808BF01F0E9FA9DED07
:1032B000040BBDEC048B02B070BD9DED040B51EC12
:1032C000100B01F0F6FBCDE904014B48B7EE000B03
:1032D000A0421CDD4948A0420BDD9DED042B0024DB
:1032E000B0EE001B12EE010B32EE011B80EE012B43
:1032F00027E09DED041B012431EE401B9DED042BC6
:1033000032EE000B81EE002B8DED042B1BE03C48D0
:10331000A0420FDD9DED042B0224B7EE081B32EE18
:10332000412B9DED043B03EE010B82EE001B8DED66
:10333000041B08E09DED040B0324BFEE001B81EE8F
:10334000002B8DED042B9DED040B20EE009B29EE50
:10335000098BB0EE480B2B480621784401F0E6F8C3
:1033600020EE099BB0EE480B27480521784401F078
:10337000DDF820EE080B002C0BDA39EE001B9DED7A
:10338000040B9DED042B02EE410BBDEC048B02B04F
:1033900070BD1E48784400EBC40090ED001B39EE70
:1033A000000B9DED042B12EE001B9DED040B31EE86
:1033B000400B1748784400EBC40090ED001B31EE41
:1033C000400B002DB8BFB1EE400BBDEC048B02B03A
:1033D00070BD000000000000000010440000F07FFD
:1033E000182D4454FB21F93F182D4454FB21F9BFFB
:1033F0000000DC3F0000203E0000F33F0000E63FFD
:1034000000800340CA19000090190000481900000C
:10341000081900000000000070B5614E2DED040B8E
:103420002DED028B82B0DDF81CC0DDE905235C4286
:103430002CF000411C4341EAD474049D22F000406A
:10344000B44205D86C422C4340EAD474B4420BD940
:103450009DED061B9DED040B02B0BDEC028B04B08C
:10346000BDE8704001F0EFB9ACF14054A4F17F64C5
:103470001C430BD0022404EAAC7444EAD274054322
:103480009FED498B9FED4A2B0DD016E09DED040B6F
:1034900051EC100B01F005FB41EC100B02B0BDEC40
:1034A000028B04B070BD002C14BF012C9DED040BE9
:1034B000F4D0022C2ED0032C2FD00B439FED3E1BBB
:1034C0009FED3F0B0AD0B1421DD1B04209D121F08E
:1034D000804120F080400791059014E0002ADDDA59
:1034E00015E0394B7B44002C08BF93ED000BD5D081
:1034F000012C04BF93ED000BB1EE400BCED0022C9B
:1035000008D0032C09D0B0420AD1002AC6DAB0EEA6
:10351000410BC3E7B0EE480BC0E7B0EE420BBDE78E
:10352000401A00153C28C8BF8DED000B17DCBCF11C
:10353000000FBEBF10F13C0F9FED250B8DED000B72
:103540000DDB9DED041B9DED062B81EE020B51EC76
:10355000100B01F0AEFA01F0A4FACDE9000194B12C
:10356000012C0CD09DED001B9FED1B0B022C31EEAE
:10357000400B0CBF38EE400B30EE480B8EE7019845
:1035800080F0004001909DED000BB5EEC00BF1EE18
:1035900010FA04BF022001F095F99DED000B7DE7C4
:1035A0000000F07F00000000182D4454FB2109406A
:1035B000182D4454FB2109C0182D4454FB21F9BF98
:1035C000182D4454FB21F93FA01800000000000012
:1035D0000000000000000000075C143326A6A13C98
:1035E00030B583B0044601F057F99FED090B05464D
:1035F0008DED000B0123002221466846EDF74DF9C1
:10360000284601F05FF99DED000B03B030BD0000CE
:10361000000000000000000010B529499FED261BA6
:103620002DED020B84B0059820F000408842D8BFF1
:103630009DED040B2DDD2349884209D1049840B942
:103640004FF0010001F03EF901F002F906B010BDA3
:1036500005DB9DED040B30EE000B06B010BD684697
:103660009DED040B00F07CFD10F0030004BF9DED08
:10367000021B9DED000B0CD001280ED09DED021B0E
:103680009DED000B022810D0012000F089FF06B04C
:1036900010BD00F0E9FE06B010BD9DED021B9DEDD2
:1036A000000B012000F07CFF01E000F0DDFEB1EE38
:1036B000400B06B010BD000000000000000000003C
:1036C000FB21E93F0000F07F2DE9F04D2DED040BCB
:1036D0002DED0A8B9AB0DDE92550279CDDF890A0EE
:1036E00025F0004624F00048BAF1000F14BF012174
:1036F000002101EB4502F84953184A10934228D3A0
:10370000002814BF0123002303EB44030B44F349B7
:103710008B421ED358EA000172D0DFF8C4B35D4576
:1037200003D1BAF1000F05D186E0BAF1000F08BF4E
:10373000002100D0012101EB450111F5001F08D83F
:10374000002814BF0121002101EB440111F5001FE5
:103750000BD99DED261B9DED240B1AB0BDEC0A8BF9
:1037600004B0BDE8F04D01F06EB80027002DBCBFDD
:10377000DC49884521DADC498845A8BF02271CDAE4
:10378000C3451ADCD94901EB2851142908DDC1F1E0
:10379000340220FA02F101FA02F282420DD108E06D
:1037A00058B9C1F1140228FA02F101FA02F24245B5
:1037B00003D101F00101C1F1020756EA0A0120D14B
:1037C000002C1EDA002D18BF022F01D0012F0AD0C5
:1037D000022001F077F81AB0BDEC0A8B04B0BDE806
:1037E000F04D01F021B8022001F06CF801F01CF856
:1037F000B1EE400B1AB0BDEC0A8B04B0BDE8F08D01
:103800001AE09FEDBB9B9FEDBC8BB7EE00AB002891
:103810007DD1B44880451CD105F1804010F5801061
:1038200008BFBAF1000F07D0B34508DC002CA8BFD1
:103830009DED260BDEDA07E0B7EE000BDAE7002C91
:10384000B8BF9DED260BD3DBAD48784490ED000B5F
:10385000D0E7D84548D1002C43DA2EB186423AD180
:10386000BAF1000F3DD126E0BAF1000F13D00220CB
:1038700001F028F800F0F8FF8DED020B9DED240B10
:103880008DED000B10EE900A039961F31E0003907A
:103890009DED020BAEE78DED029B9DED240B19EE25
:1038A000901A10EE900A8DED000B61F31E0003904C
:1038B0009DED020B9EE78DED028B9DED240B18EE26
:1038C000901A10EE900A8DED000B61F31E0003902C
:1038D0009DED020B8EE704DA9DED241B8AEE010BB1
:1038E00088E79DED240B85E786421ADAB4F1804F14
:1038F00004BF9DED240B20EE000B3FF47BAFA4F141
:103900000050B0F1FF500CD1002D0ADB00E008E0C0
:103910009DED240B51EC100B01F0EAF841EC100B7B
:1039200068E79DED240B51EC100B01F0C2F8BAF1E1
:10393000000FCDE90E0140D19FED730B46B3A6F108
:10394000E040B0F17F600ED05E4536D1002D00DA48
:1039500097B3022F0CBF01204FF0FF3000EE100A8A
:10396000B8EEC00B46E7002D01DD002C0DDA002D6E
:1039700001DD002C1DDB002D14DA002C12DB012FE1
:1039800008BF9FED630B3FF435AFB0EE490B31E755
:10399000022F18BF002D0CD0012F0AD1002DFFF6E9
:1039A00029AF06E0002DB8BF002C06DA012F3FF446
:1039B00021AFB0EE480B1DE719E0012000EBE570E8
:1039C00050EA070113D0B0EE4A8B791E084308BFB6
:1039D000BFEE008B5048002580457ADD4F495048A6
:1039E000884514DDB0420DDB002C19DB2CE00120F2
:1039F00000F068FF1AB0BDEC0A8B04B0BDE8F04DD2
:103A000000F026BFB34502DC002C09DC1CE0864236
:103A100002DA002C18DA03E05E4528DD002C13DD05
:103A2000022000F04FFF00F01FFF8DED020B28EE8B
:103A3000090B8DED000B10EE900A039961F31E0047
:103A400003909DED020BD5E6022000F03BFF00F055
:103A500017FF10EE901A18EE900A8DED020B8DED07
:103A6000008B61F31E0003909DED020BC2E69DEDFD
:103A70000E0B30EE4A0B8DED040B20EE002B9DED6E
:103A8000041B9FED290BB5EE003B01EE430B9DEDB2
:103A9000043BB6EE001B03EE401B22EE012B9DED16
:103AA000040B9FED231B20EE011B9FED233B20EE1B
:103AB000030B9FED233B02EE430B31EE002B8DED0C
:103AC000022B02959DED022B32EE411B30EE411B85
:103AD00011E139E000000000FFFF1F00FFFF0F00B1
:103AE0000000F03F0000F07F0000404301FCFFFFBA
:103AF000000000000000F07F000000000000000057
:103B00003A150000000000000000000000000080E6
:103B1000000000000000F0FF0000E0410000F04362
:103B2000FFFFEF3F00000000555555555555D53F57
:103B3000000000604715F73F44DF5DF80BAE543ED0
:103B4000FE822B654715F73F0020B6F5801F0BDA84
:103B50009DED0E0B9FEDEC1B20EE010B10EE906A1D
:103B60008DED0E0B6FF0340000EB2650C6F3130101
:103B7000A0F2FF37E64A41F07F6040F040509142AA
:103B8000D8BF002408DDE34A8A42C8BF012403DC11
:103B90000024A0F580107F1CDF49794401EBC401AB
:103BA0000F9091ED001B9DED0E0B30EE410B9DED46
:103BB0000E2B31EE023B8AEE032B20EE029BD749FF
:103BC0008DED029B7944029591ED003B4FF0005141
:103BD00041EA600000EB84408DED043B00F50020DD
:103BE00005909DED043B33EE411B9DED0E3B33EE06
:103BF000411B9DED023B9DED044B03EE440B03EE98
:103C0000410B20EE02BB29EE09CBB0EE4C0BC448B1
:103C10000621784400F08AFC2CEE0C1B20EE010BF0
:103C20009DED021B31EE091B0BEE010B9DED021BFE
:103C300021EE011BB0EE082B31EE023B33EE003BD0
:103C40008DED043B04959DED043B33EE422B32EEAB
:103C5000411B30EE412B9DED020B9DED041B20EE30
:103C6000011B9DED040B2BEE000B02EE090B31EE58
:103C7000002B8DED022B02959DED022B32EE411BA8
:103C800030EE411B9DED020B9FEDA72B20EE020BAA
:103C90009DED022B9FEDA63B22EE032B9FEDA63B55
:103CA00001EE032BA648784400EBC40090ED001B06
:103CB00032EE011B02EE107AB8EEC22B8DED042B12
:103CC00030EE013B9F48784400EBC40090ED002BA0
:103CD00033EE023B9DED044B33EE043B8DED023B96
:103CE00002959DED023B33EE443B33EE422B32EE28
:103CF000400B31EE401B9DED260B8DED000B00952A
:103D00009DED260B9DED002B30EE420B9DED022B21
:103D100020EE020B9DED262B02EE010B9DED001B0C
:103D20009DED022B21EE021B8DED021B30EE011BDF
:103D300011EE900A11EE101A834A8DED001B90428D
:103D400024DB821A11430ED19FED811B30EE011B43
:103D50009DED002B9DED023B32EE432BB4EEC21BDA
:103D6000F1EE10FA26DD022000F0ACFD00F07CFD43
:103D700010EE901A18EE900A8DED020B8DED008B6F
:103D800061F31E0003909DED020B33E5724B20F0B2
:103D900000429A420ED3714A024411437FF454AE5A
:103DA0009DED022B31EE421BB4EEC01BF1EE10FA7A
:103DB000BFF64AAE20F00041694A6A4B002402EB8C
:103DC00021529942D8BF9DED021B27DD511C4FF4B3
:103DD000801222FA01F10144634BC1F30A527B4481
:103DE000A2F2FF3293ED001B604B8DED041BD3401C
:103DF00021EA0303C1F3130141F48011C2F114025B
:103E000021FA02F405930028B8BF64429DED021B1D
:103E10009DED042B31EE421B8DED021B30EE011B9C
:103E20008DED041B04959DED041B9FED512B21EEA0
:103E3000021B9DED042B9DED023B32EE432B30EE39
:103E4000420B9FED4D2B20EE020B9DED042B9FEDC1
:103E50004C3B02EE030B31EE002B8DED002B32EECE
:103E6000411B30EE419B9DED000B20EE000B4648C0
:103E70008DED040B0521784400F058FB9DED001BEF
:103E80009DED042B02EE401B8DED021B9DED000B02
:103E900020EE010BB0EE002B31EE422B80EE021B28
:103EA0009DED002BB0EE490B02EE090B31EE400BFD
:103EB0009DED001B30EE410B3AEE400B10EE900AE8
:103EC0008DED000B00EB045001150029C8BF0190D7
:103ED00013DC224651EC100BECF72DFEFFF79AF89D
:103EE000042808BF00F0CCFC22469DED000B51ECED
:103EF000100BECF720FECDE900019DED000B28EE44
:103F0000000B77E4000000000000000000004043C8
:103F10008E9803007AB60B0012100000C01100004A
:103F2000CA0F000000000000000000E009C7EE3FDB
:103F3000F5015B14E02F3EBEFD033ADC09C7EE3FFE
:103F4000260F0000F60E0000000090400000000068
:103F5000FE822B654715973C00CC904000346F3FA4
:103F600001FCFFFF0000E03FA60F0000FFFF0F0075
:103F700000000000432EE63FEF39FAFE422EE63FF6
:103F8000396CA80C615C20BE960D0000000000009A
:103F900010B529499FED261B2DED020B84B0059825
:103FA00020F000408842DCBF00209DED040B2EDD98
:103FB0002249884209D1049840B94FF0010000F02D
:103FC00081FC00F045FC06B010BD05DB9DED040B47
:103FD00030EE000B06B010BD68469DED040B00F0FE
:103FE000BFF810F003000DD0012814D09DED021B86
:103FF0009DED000B022816D000F036FAB1EE400B12
:1040000006B010BD9DED021B9DED000B012000F0E0
:10401000C7FA06B010BD9DED021B9DED000B00F030
:1040200023FA06B010BD012000F0BAFAE6E700005E
:104030000000000000000000FB21E93F0000F07FCD
:1040400000B52DED028B83B0B1EEC08B18EE100AD7
:1040500018EE901A8DED008B002818BF0120084340
:1040600020F00040C0F17F6000F1E040C00F14D0AC
:1040700010EE101A10EE900A8DED000B002918BFFB
:104080000121084320F00040C0F17F6000F1E040D2
:10409000C00F04BF012000F015FCB0EE480B03B0C8
:1040A000BDEC028B00BD10B52DED028BB1EEC08AC8
:1040B00018EE100A20F00040C0F1FF40C00F0AD0F7
:1040C00010EE100A20F00040C0F1FF40C00F04BF06
:1040D000012000F0F7FBB0EE480ABDEC028B10BDEA
:1040E00010B51D499FED1A1B2DED020B84B00598EC
:1040F00020F000408842DCBF01209DED040B21DD53
:104100001649884209D1049840B94FF0010000F0E7
:10411000D9FB00F09DFB06B010BD05DB9DED040B47
:1041200030EE000B06B010BD68469DED040B00F0AC
:1041300017F800F001000121A1EB40009DED021BEA
:104140009DED000B00F07CFA06B010BD00000000F1
:104150000000000000000000FB21E93F0000F07FAC
:104160002DE9F14F04462DED020B2DED048B94B09B
:104170009FED9D0B80ED020B199E9D4826F000459A
:1041800085420ADC9DED180B002084ED000B14B075
:10419000BDEC048B03B0BDE8F08F96489FED969B75
:1041A0009FED978BA84225DD97489FED991B9FEDCA
:1041B0009A2B9DED180B002E0DDD30EE490B85423C
:1041C00012BF30EE480B30EE410B30EE420B84ED67
:1041D000000B0120DBE730EE090B854212BF30EE09
:1041E000080B30EE010B30EE020B84ED000B4FF0AC
:1041F000FF30CCE78A48A84253DB9DED180B51EC09
:10420000100B00F056FC41EC100BB0EE401B9FED84
:10421000862BB6EE000B01EE020BFDEEC00B10EE8E
:10422000903A00EE903AB8EEE02BB0EE410B02EE81
:10423000490B22EE081BDFF8F8C1290D0120FC44D0
:1042400030EE411B84ED001B03281DD011EE902A97
:1042500000EB4015113DC2F30A528A1A954213DA57
:10426000B0EE403B0CEB001292ED000B20EE021B77
:1042700033EE410B33EE403B33EE411B92ED023BFC
:1042800012EE031B401CDBE7002EA8BF1846BFF64A
:104290007EAF94ED000BB1EE400B84ED000B584265
:1042A00075E7C6F3130040F4801EC6F30A50A0F26F
:1042B000F530471100F01F05C5F12000DDF860B0B2
:1042C000139000200890099005200DF1080C594921
:1042D000002D07EB0002794408BF51F8221009D0E5
:1042E00051F8223001EB8201AB404A68139922FA5F
:1042F00001F11943A1FB0E26A1FB0B131A449A42AC
:1043000034BF0123002303EB06080CEB8003D3E941
:1043100001A60E448E4234BF0121002192448A44FA
:1043200011B1924502D903E0924501D2012100E08A
:104330000021C3E901A641444CF82010011EA0F160
:104340000100C4DC04989DED050A00F10050810FC6
:104350000498DDED060A80009DED072A01EE100AA3
:10436000B8EEC13BB8EE401B9FED334B21EE041B72
:10437000B8EE600B9FED324B20EE040BB8EE422BF3
:104380009FED314B22EE042B30EE024B34EE014B0D
:1043900034EE034B8DED004B002000909DED004B63
:1043A00034EE433B33EE411B31EE400B32EE401B0B
:1043B0009DED000B9FED262B20EE020B9FED262B93
:1043C00001EE020B9DED001B9FED252B01EE020B74
:1043D000199810F0004F1CBF4942B1EE400B84ED1C
:1043E000000B0846D3E600000000000000000000BB
:1043F000FB21E93F7CD9024000004054FB21F93FFA
:104400003163621A61B4D03DFB21F93F0000000026
:104410000000601A61B4D03D7370032E8A19A33B6B
:10442000FB2139410000000083C8C96D305FE43FC3
:104430004E0B0000E60A0000000000000000103EE5
:10444000000000000000103C000000000000103AD6
:104450003326A611460B113C182D4454FB21F93D7F
:1044600000000054FB21F93D10B52DED040B2DED9E
:10447000048B82B0B0EE419B079820F00044B4F169
:10448000795F0FDA9DED060BBDEEC00B10EE100A42
:10449000002801BFB7EE000B02B0BDEC048B04B0E6
:1044A00008BF10BD9DED060B20EE008BB0EE480B53
:1044B0001B480621784400F039F820EE080B28EE5E
:1044C000000B9DED061B01EE490BB6EE001B28EE1E
:1044D000011B1448B7EE002B8442BCBF31EE400BE9
:1044E00032EE400B16DB1048A042BCBFB5EE023BDB
:1044F0008DED003B06DBA4F500100190002000903C
:104500009DED003B31EE431B32EE432B31EE400B71
:1045100032EE400B02B0BDEC048B04B010BD0000C5
:10452000A00800003333D33F0000E93FB0EE401B4A
:10453000491E00EBC10292ED000B31F006020DD0D6
:10454000491E00EBC10292ED002BB0EE403BB0EEF5
:10455000420B03EE010B31F00602F1D1022914D017
:1045600004290AD0062918BF704790ED0A2B00EEE7
:10457000012B90ED080B02EE010B90ED062B00EEE7
:10458000012B90ED040B02EE010B90ED022B00EEDF
:10459000012B90ED000B02EE010B704700000000B4
:1045A00031B504462DED040B2DED068BB0EE419B8D
:1045B00007989DED060B20F00040B0F1795F0DDA11
:1045C00051EC100BFEF726FD042808BF00F058F947
:1045D0009DED060BBDEC068B05B030BD20EE008BCB
:1045E00028EE00ABB0EE480B114805217844FFF7E8
:1045F0009DFF9FED111B8CB1B6EE002B29EE022B17
:104600000AEE402B18EE029B0AEE419B9DED060B35
:1046100030EE490BBDEC068B05B030BD08EE001B3B
:104620009DED060B0AEE010BBDEC068B05B030BD0F
:104630007008000000000000495555555555C5BF8C
:10464000F1B505462DED040B2DED0A8B84B0B0EECF
:10465000418B0F9E684826F00044B7EE009BBFEEEA
:1046600000AB844207DA9DED0E0BBDEEC00B10EEE1
:10467000100A00287BD0614FA7421DDC002E07DA0C
:104680009DED0E0BB1EE400B8DED0E0BB1EE488B98
:104690009DED0E0B9FED5A1B31EE400B8DED000B87
:1046A0009FED590B30EE480B9DED001B31EE000BDA
:1046B0008DED0E0B9FED568B9DED0E0B20EE000B3E
:1046C0008DED000B20EE00CBB0EE4C0B52480621D6
:1046D0007844FFF72BFFB0EE40BBB0EE4C0B4F48D9
:1046E00006217844FFF722FF9DED001B20EE012BF1
:1046F0009DED000B9DED0E1B20EE011B3BEE022BF2
:10470000B0EE480B01EE020B9DED002B02EE008B8C
:104710009FED430B01EE008B9DED0E0B30EE080B71
:10472000A74248DC01EE105AB8EEC11B20EE002B68
:1047300030EE013B82EE030B30EE480B9DED0E2B6D
:1047400032EE400BB0EE002B00EE421B022000EADE
:10475000A670C0F1010000EE100AB8EEC00B21EE09
:10476000000B04B0BDEC0A8B05B0F0BDFFE7691C7F
:104770000E982143084306D0012D0FD09DED0E1B4E
:104780008AEE010BEDE79DED0E0B51EC100B00F0E6
:1047900090F941EC110B89EE010BE2E79DED0E0B58
:1047A00051EC100BFEF736FC042808BF00F068F847
:1047B0009DED0E0BD5E7012DD3D08DED000B002024
:1047C00000909DED001B9DED0E2B31EE421B38EE4F
:1047D000411B8AEE002B8DED022B02909DED020B0A
:1047E0009DED003B00EE039B00EE019B02EE090BEA
:1047F000B7E70000000000000000303E2894E53FCD
:10480000182D4454FB21E93F075C143326A6813C54
:104810000000000000000000B4070000D207000004
:10482000635555555555D53F9FED031BB7EE002BEE
:1048300082EE010B70470000000000000000000045
:1048400030EE000B704730EE010B704700000000A7
:104850009FED031B81EE010B70470000000000007C
:1048600000000000000000009FED030B20EE000B95
:104870007047000000000000000000000000007011
:104880009FED030B20EE000B7047000000000000BE
:1048900000000000000000100148006870470000A0
:1048A0000400002402E008C8121F08C1002AFAD13F
:1048B00070477047002001E001C1121F002AFBD1A0
:1048C00070470000014908607047000004000024A0
:1048D00030380A2801D201207047002070470000BC
:1048E0002DE9FF4F8BB09A460F460546002606E09D
:1048F00025280BD052460D9990476D1C761C2878C0
:104900000028F5D10FB03046BDE8F08F0024A04656
:104910000122604900E0044315F8013F203B02FA00
:1049200003F00842F7D128782E2817D115F8010F87
:1049300044F004042A280ED06FF02F022878A0F14A
:10494000300109290AD808EB880102EB410100EB8C
:1049500001086D1CF2E757F8048B6D1C2878692854
:104960003ED006DC0028CDD063280BD0642804D1CB
:1049700036E0732810D075284BD052460D999047D9
:10498000761C85E017F8040B8DF8000000208DF8E8
:104990000100E946012003E057F8049B4FF0FF3087
:1049A00061074FF0000401D40AE0641C44450DDAAD
:1049B0008442FADB19F804100029F6D106E0641CE1
:1049C0008442FCDB19F804100029F8D1264404E0E5
:1049D00019F8010B52460D999047641EF8D257E022
:1049E00001CF4FF00A0B002802DA40422D2102E0ED
:1049F000210504D52B218DF82410012103E0E107C6
:104A000005D02021F7E70DF1200908910CE00021E5
:104A1000F9E701CF4FF00A0BF9E75946EBF7B5FE7E
:104A200001F1300209F8012D0028F6D1ADEB0900A3
:104A300000F1200B600701D44FF00108D84502DDDA
:104A4000A8EB0B0000E000208046002406E009A847
:104A50005246005D0D999047641C761C089884426C
:104A6000F5DB04E0302052460D999047761CB8F1F2
:104A70000001A8F10108F5DC05E019F8010B524628
:104A80000D999047761CBBF10001ABF1010BF4DCF2
:104A90006D1C34E7092801000A68531C0B60107074
:104AA000704710B541EC100BFEF7CAFB51EC100B30
:104AB00010BD82B0CDE9000121F0004001909DEDD4
:104AC000000B02B051EC100B7047000010B504460B
:104AD00001E0FAF7E1F914F8010B04490028F8D1D4
:104AE000BDE810400A20FAF7D7B900000000002402
:104AF00000B541EC100B2DED028B83B0B1EEC08BF5
:104B000018EE100A18EE901A8DED008B002818BFD1
:104B10000120084320F00040C0F17F6000F1E04038
:104B2000C00F14D010EE101A10EE900A8DED000B8D
:104B3000002918BF0121084320F00040C0F17F6028
:104B400000F1E040C00F04BF0120FFF7BBFE51ECB5
:104B5000180B03B0BDEC028B00BD0000000000008C
:104B6000555555555555C53F7D6FEB0312D6D4BFEE
:104B70005544880E55C1C93F3B8F68B52882A4BFF4
:104B800088B20175E0EF493F09F7FD0DE13D023FB5
:104B90004B2D8A1C273A03C0C88A599CE52A00403D
:104BA00059018D1B6C06E6BF82922EB1C5B8B33F8A
:104BB000000000000000F03F000000000000F83F8F
:104BC00000000000000000000000004003B8E23FC9
:104BD000000000000000000006D0CF43EBFD4C3E7B
:104BE000033333333333E33FFFAB6FDBB66DDB3F70
:104BF0004D268F515555D53F01411DA96074D13FB8
:104C000065DBC9934A86CD3FEF4E454A287ECA3FB1
:104C10003E5555555555C53F93BDBE166CC166BF33
:104C20002CDE25AF6A56113FF16BD2C541BDBBBE2C
:104C3000D0A4BE726937663E0040404040404040CC
:104C4000404041414141414040404040404040405F
:104C50004040404040404040400502020202020203
:104C60000202020202020202022020202020202052
:104C70002020200202020202020290909090909066
:104C80001010101010101010101010101010101024
:104C90001010101002020202020288888888888898
:104CA0000808080808080808080808080808080884
:104CB000080808080202020240000000394C0108FE
:104CC0004FBB610567ACDD3F182D4454FB21E93F24
:104CD0009BF681D20B73EF3F182D4454FB21F93F13
:104CE000E2652F227F2B7A3C075C143326A6813C99
:104CF000BDCBF07A8807703C075C143326A6913C44
:104D0000C4EB98999999C9BF711623FEC671BCBFAF
:104D10006D9A74AFF2B0B3BF9AFDDE522DDEADBF17
:104D20002F6C6A2C44B4A2BF0D5555555555D53F2F
:104D3000FF8300922449C23F6E204CC5CD45B73F4A
:104D4000513DD0A0660DB13FEB0D76244B7BA93FC2
:104D500011DA22E33AAD903F4C5555555555A53FD4
:104D60007751C1166CC156BF9015CB19A001FA3E00
:104D7000AD529C804F7E92BEC4B1B4BD9EEE213E2A
:104D8000D43888BEE9FAA8BD000000000000000089
:104D900000004054FB21F93F3163621A61B4D03DF9
:104DA0000000601A61B4D03D7370032E8A19A33BD2
:104DB0000000002E8A19A33BC14920259A837B3924
:104DC00000000000000000006E83F9A22915444E87
:104DD000D15727FCC0DD34F5999562DB4190433C07
:104DE000AB6351FE61C5BBDE3A6E24B7E0D24D42E3
:104DF000EA2E49061C92D1091CEB1DFE3EA729B1E3
:104E0000F53582E88444BB2E26709CE9417E5FB470
:104E100039D69139F43953838B5F849C3B28F9BD93
:104E2000FF97F81F0F9805DE8B112FEF1F6D0A5AA1
:104E3000CF7E366DB709CB27663F464F2DEA5F9E82
:104E4000C7BA27757BF1E5EBF739073DEA92528A3D
:104E5000B15FFB6B085D8D1F4630035600000000FC
:104E6000A6F810111111813FD561C119A0012ABF07
:104E70007DFEB157E31DC73EEB9C2B8AE6E55ABE8B
:104E80007CD5CF5A3AD9E53D7AFE10111111C13FB8
:104E900037D60684F464963F280356C9226D6D3FC9
:104EA0000165F2F2D844433FA69237A0887E143FB2
:104EB000735360DBCB75F3BEFE41B31BBAA1AB3FAE
:104EC00093846EE9E326823F1583E0FEC8DB573FFB
:104ED00068108D1AF726303FE9A7F0320FB8123F5D
:104EE000D47ABF74702AFB3E0104081020400004ED
:104EF0000810204000000000010203040102030426
:104F000006070809705401080000000000000000B6
:104F10000000000000000000000400002800000065
:104F20000000000000000000D6540108000000004E
:104F300000000000000000005654010800000000BE
:104F40000000000000000000000000000000000061
:104F5000565401080000000000000000000000009E
:104F600000000000000000002C54010800000000B8
:104F70000000000000000000000000000000000031
:104F8000EE530108000000000000000000000000D7
:104F90009454010800000000000000000000000020
:104FA0000000000000000000BC54010800000000E8
:104FB00000000000000000000000000000000000F1
:104FC0003355010800000000000000000000000050
:104FD0000000000000000000E6530108000000008F
:104FE0000000000000000000225401080000000042
:104FF00000000000000000000000000000020000AF
:105000002800000000000000000000009D5401087E
:105010000000000000000000000000000000000090
:105020000002000028000000000000000000000056
:1050300039540108000000000000000000000000DA
:105040000000000000000000E6530108000000001E
:1050500000000000000000004554010800000000AE
:105060000000000000000000000000000000000040
:10507000FB530108000000000000000000000000D9
:1050800000000000001000002800000000000000E8
:1050900000000000F35301080000000000000000C1
:1050A0000000000000000000000000007C54010827
:1050B00000000000000000000000000000000000F0
:1050C00000020000280000000000000000000000B6
:1050D0001A54010800000000000000000000000059
:1050E0000000000000020000280000000000000096
:1050F000000000000654010800000000000000004D
:105100000000000000000000000000000E54010834
:10511000000000000000000000000000000000008F
:1051200000000000A854010800000000000000007A
:10513000000000000000000000000000E253010831
:10514000000000000000000000000000000000005F
:105150000002000008000000000000000000000045
:10516000010002000400060008000A000C00100004
:10517000200040008000000156540108000000009B
:10518000000000000000000000000000000000001F
:10519000E0540108000000000000000000000000D2
:1051A00000000000000200002000000000000000DD
:1051B000000000001D550108000000000000000074
:1051C00000000000000000000004000018000000C3
:1051D000000000000000000007550108000000006A
:1051E00000000000000000000000000000000000BF
:1051F000F85401080000000000000000000000005A
:1052000000000000B00400002800000000000000C2
:10521000000000000F550108000000000000000021
:10522000000000000000000000040000200000005A
:105230000000000000000000005501080000000010
:10524000000000000000000000000000000000005E
:105250000101010307010000080402040801010123
:105260008854010800000000000000000000000059
:105270000000000000040000080000000000000022
:10528000000000006A540108000000000000000057
:1052900000000000000000000000000000070E09F0
:1052A0001C1B1215383F363124232A2D70777E7946
:1052B0006C6B6265484F464154535A5DE0E7EEE936
:1052C000FCFBF2F5D8DFD6D1C4C3CACD90979E9926
:1052D0008C8B8285A8AFA6A1B4B3BABDC7C0C9CE16
:1052E000DBDCD5D2FFF8F1F6E3E4EDEAB7B0B9BE06
:1052F000ABACA5A28F88818693949D9A2720292EF6
:105300003B3C35321F18111603040D0A5750595EE5
:105310004B4C45426F68616673747D7A898E8780D5
:1053200095929B9CB1B6BFB8ADAAA3A4F9FEF7F0C5
:10533000E5E2EBECC1C6CFC8DDDAD3D4696E6760B5
:1053400075727B7C51565F584D4A4344191E1710A5
:1053500005020B0C21262F283D3A33344E49404795
:1053600052555C5B7671787F6A6D64633E39303785
:1053700022252C2B0601080F1A1D1413AEA9A0A775
:10538000B2B5BCBB9691989F8A8D8483DED9D0D765
:10539000C2C5CCCBE6E1E8EFFAFDF4F3D85301083F
:1053A00000000000000000000000000000000000FD
:1053B00000000000B15401080000000000000000DF
:1053C00000000000000000000004000027000000B2
:1053D00000000000000000006D79517565756530B2
:1053E00031004C454400454B465F494D55004456FD
:1053F0004C5F004750534461746100454B465F5514
:10540000706461746100494D555F61636300494D8B
:10541000555F6672656561636300494D555265610C
:1054200064004465707468526561640044564C5F62
:10543000617474697475646500454B465F494D55E8
:105440005F51756500454B465F506F736974696FB6
:105450006E5F517565005561727432527851756591
:1054600000757362527851756500646570746800E8
:1054700044564C526561645461736B0047505352FB
:105480006561645461736B0064656661756C745426
:1054900061736B0044564C5F6575726C00454B46FA
:1054A0005F467573696F6E00494D555F6779726F1E
:1054B0000073746162696C697A65720044564C5F6E
:1054C0007772705F706F73007573626C696E6B5288
:1054D0007863706C740044766C527863706C7400FE
:1054E00055617274326C696E6B5F527800757362CD
:1054F0006C696E6B5F5278006174706B5F727800DC
:105500006174706B727800556172743274780061E6
:1055100074706B5F74780075736274780055617293
:1055200074326C696E6B7478007573626C696E6B43
:1055300074780044564C5F77727A5F76656C6F635F
:10554000697479002E2E2F434F4D4D554E494341DE
:1055500054452F6174706B2E630050574D313A25BE
:10556000642C50574D323A25642C50574D333A2510
:10557000642C50574D343A25640D0A0061540108DB
:10558000000000000000000000000000000000001B
:1055900000000000C85401080000000000000000E6
:1055A00000000000ED5401080000000000000000B1
:1055B00000000000000000000002000020000000C9
:1055C0000000000000000000295501080000000054
:1055D00000000000000000000000000000040000C7
:1055E000180000000000000000000000175501082E
:1055F00000000000000000000000000000000000AB
:10560000000000002856010800000024800100006E
:10561000E61000081857010880010024F871010005
:10562000B448010800000000912FF1CA000829CBFE
:10563000000839CB000869CB6E0899CB0008C9CAAD
:10564000000801CB00082E90D0030090D00339C78A
:10565000000881C5560899C80008DDE1C50008C9E1
:10566000C4000841C500082F89C6000831C60008DB
:10567000E1C6000821C63D0809024300020100C03E
:105680003209042E01020201000524001001052444
:10569000012901042402020524064F0107058203A3
:1056A00008001009040100020A36070501024046FD
:1056B0000705810240450A0600024340012D120100
:1056C0000002020200408304405736020102030137
:1056D0002F911100088911000881110008C1110CD7
:1056E0001B0819120008040309041A03460AD723E9
:1056F0003B013B7763722A65320D0A000142100DAF
:1057000051AAAAAAAAFFFFFFFFFFFFFFFF9543557B
:08571000010800000000000088
:040000050800029954
:00000001FF
